timestamp,tps,map,air_temp,engine_temp,oil_pressure,fuel_pressure,water_pressure,gear,exhaust_o2,rpm,oil_temp1,pit_limit,wheel_speed_fr,wheel_speed_fl,wheel_speed_rr,wheel_speed_rl,tc_slip,tc_retard,tc_cut,heading,shock_fr,shock_fl,shock_rr,shock_rl,g_accel,g_lateral,yaw_rate_frontal,yaw_rate_lateral,lambda_correction,fuel_flow_total,inj_time_bank_a,inj_time_bank_b,oil_temp2,trans_temp,fuel_consumption,brake_pressure,latitude,longitude,distance_km,gps_speed_knots
1762305456.8872743,0.0,0.0,0.0,0.0,0.2,3.969,0.0,0,1.0,1000.0,0.0,False,0.0,0.0,0.0,0.0,32767,11,0,3,-0.001,0.0,0.0,0.0,0.0,0.2,3969,0,0,1000,10.0,0.0,0.0,0.0,0,0.0,nan,1.5414283107572988e-44,56.511865302631584,0.0
1762305456.8873553,0.0,0.0,0.0,0.0,0.2,3.969,0.0,0,1.0,1000.0,0.0,False,0.0,0.0,0.0,0.0,32767,11,0,3,-0.001,0.0,0.0,0.0,0.0,0.2,3969,0,0,1000,10.0,0.0,0.0,0.0,0,0.0,nan,1.5414283107572988e-44,56.511865302631584,0.0
1762305456.8874235,0.0,0.0,0.0,0.0,0.2,3.969,0.0,0,1.0,1000.0,0.0,False,0.0,0.0,0.0,0.0,32767,11,0,3,-0.001,0.0,0.0,0.0,0.0,0.2,3969,0,0,1000,10.0,0.0,0.0,0.0,0,0.0,nan,1.5414283107572988e-44,56.511865302631584,0.0
1762305456.8874598,0.0,0.0,0.0,0.0,0.2,3.969,0.0,0,1.0,1000.0,0.0,False,0.0,0.0,0.0,0.0,32767,11,0,3,-0.001,0.0,0.0,0.0,0.0,0.2,3969,0,0,1000,10.0,0.0,0.0,0.0,0,0.0,nan,1.5414283107572988e-44,56.511865302631584,0.0
1762305456.8875122,0.0,0.0,0.0,0.0,0.2,3.969,0.0,0,1.0,1000.0,0.0,False,0.0,0.0,0.0,0.0,32767,11,0,3,-0.001,0.0,0.0,0.0,0.0,0.2,3969,0,0,1000,10.0,0.0,0.0,0.0,0,0.0,nan,1.5414283107572988e-44,56.511865302631584,0.0
1762305456.8875659,0.0,0.0,0.0,0.0,0.2,3.969,0.0,0,1.0,1000.0,0.0,False,0.0,0.0,0.0,0.0,32767,11,0,3,-0.001,0.0,0.0,0.0,0.0,0.2,3969,0,0,1000,10.0,0.0,0.0,0.0,0,0.0,nan,1.5414283107572988e-44,56.511865302631584,0.0
1762305456.887624,0.0,0.0,0.0,0.0,0.2,3.969,0.0,0,1.0,1000.0,0.0,False,0.0,0.0,0.0,0.0,32767,11,0,3,-0.001,0.0,0.0,0.0,0.0,0.2,3969,0,0,1000,10.0,0.0,0.0,0.0,0,0.0,nan,1.5414283107572988e-44,56.511865302631584,0.0
1762305456.8876574,0.0,0.0,0.0,0.0,0.2,3.969,0.0,0,1.0,1000.0,0.0,False,0.0,0.0,0.0,0.0,32767,11,0,3,-0.001,0.0,0.0,0.0,0.0,0.2,3969,0,0,1000,10.0,0.0,0.0,0.0,0,0.0,nan,1.5414283107572988e-44,56.511865302631584,0.0
1762305456.895894,0.0,0.0,0.0,0.0,0.2,3.969,0.0,0,1.0,1000.0,0.0,False,0.0,0.0,0.0,0.0,32767,11,0,3,-0.001,0.0,0.0,0.0,0.0,0.2,3969,0,0,1000,10.0,0.0,0.0,0.0,0,0.0,nan,1.5414283107572988e-44,56.511865302631584,0.0
1762305456.895909,0.0,0.0,0.0,0.0,0.2,3.969,0.0,0,1.0,1000.0,0.0,False,0.0,0.0,0.0,0.0,32767,11,0,3,-0.001,0.0,0.0,0.0,0.0,0.2,3969,0,0,1000,10.0,0.0,0.0,0.0,0,0.0,nan,1.5414283107572988e-44,56.511865302631584,0.0
1762305456.8959267,0.0,0.0,0.0,0.0,0.2,3.969,0.0,0,1.0,1000.0,0.0,False,0.0,0.0,0.0,0.0,32767,11,0,3,-0.001,0.0,0.0,0.0,0.0,0.2,3969,0,0,1000,10.0,0.0,0.0,0.0,0,0.0,nan,1.5414283107572988e-44,56.511865302631584,0.0
1762305456.8959382,0.0,0.0,0.0,0.0,0.2,3.969,0.0,0,1.0,1000.0,0.0,False,0.0,0.0,0.0,0.0,32767,11,0,3,-0.001,0.0,0.0,0.0,0.0,0.2,3969,0,0,1000,10.0,0.0,0.0,0.0,0,0.0,nan,1.5414283107572988e-44,56.511865302631584,0.0
1762305456.895949,0.0,0.0,0.0,0.0,0.2,3.969,0.0,0,1.0,1000.0,0.0,False,0.0,0.0,0.0,0.0,32767,11,0,3,-0.001,0.0,0.0,0.0,0.0,0.2,3969,0,0,1000,10.0,0.0,0.0,0.0,0,0.0,nan,1.5414283107572988e-44,56.511865302631584,0.0
1762305456.8959599,0.0,0.0,0.0,0.0,0.2,3.969,0.0,0,1.0,1000.0,0.0,False,0.0,0.0,0.0,0.0,32767,11,0,3,-0.001,0.0,0.0,0.0,0.0,0.2,3969,0,0,1000,10.0,0.0,0.0,0.0,0,0.0,nan,1.5414283107572988e-44,56.511865302631584,0.0
1762305456.8959715,0.0,0.0,0.0,0.0,0.2,3.969,0.0,0,1.0,1000.0,0.0,False,0.0,0.0,0.0,0.0,32767,11,0,3,-0.001,0.0,0.0,0.0,0.0,0.2,3969,0,0,1000,10.0,0.0,0.0,0.0,0,0.0,nan,1.5414283107572988e-44,56.511865302631584,0.0
1762305456.895982,0.0,0.0,0.0,0.0,0.2,3.969,0.0,0,1.0,1000.0,0.0,False,0.0,0.0,0.0,0.0,32767,11,0,3,-0.001,0.0,0.0,0.0,0.0,0.2,3969,0,0,1000,10.0,0.0,0.0,0.0,0,0.0,nan,1.5414283107572988e-44,56.511865302631584,0.0
1762305456.8996782,0.0,0.0,0.0,0.0,0.2,3.969,0.0,0,1.0,1000.0,0.0,False,0.0,0.0,0.0,0.0,32767,11,0,3,-0.001,0.0,0.0,0.0,0.0,0.2,3969,0,0,1000,10.0,0.0,0.0,0.0,0,0.0,nan,1.5414283107572988e-44,56.511865302631584,0.0
1762305456.8996956,0.0,0.0,0.0,0.0,0.2,3.969,0.0,0,1.0,1000.0,0.0,False,0.0,0.0,0.0,0.0,32767,11,0,3,-0.001,0.0,0.0,0.0,0.0,0.2,3969,0,0,1000,10.0,0.0,0.0,0.0,0,0.0,nan,1.5414283107572988e-44,56.511865302631584,0.0
1762305456.899711,0.0,0.0,0.0,0.0,0.2,3.969,0.0,0,1.0,1000.0,0.0,False,0.0,0.0,0.0,0.0,32767,11,0,3,-0.001,0.0,0.0,0.0,0.0,0.2,3969,0,0,1000,10.0,0.0,0.0,0.0,0,0.0,nan,1.5414283107572988e-44,56.511865302631584,0.0
1762305456.8997262,0.0,0.0,0.0,0.0,0.2,3.969,0.0,0,1.0,1000.0,0.0,False,0.0,0.0,0.0,0.0,32767,11,0,3,-0.001,0.0,0.0,0.0,0.0,0.2,3969,0,0,1000,10.0,0.0,0.0,0.0,0,0.0,nan,1.5414283107572988e-44,56.511865302631584,0.0
1762305456.8997395,0.0,0.0,0.0,0.0,0.2,3.969,0.0,0,1.0,1000.0,0.0,False,0.0,0.0,0.0,0.0,32767,11,0,3,-0.001,0.0,0.0,0.0,0.0,0.2,3969,0,0,1000,10.0,0.0,0.0,0.0,0,0.0,nan,1.5414283107572988e-44,56.511865302631584,0.0
1762305456.8997526,0.0,0.0,0.0,0.0,0.2,3.969,0.0,0,1.0,1000.0,0.0,False,0.0,0.0,0.0,0.0,32767,11,0,3,-0.001,0.0,0.0,0.0,0.0,0.2,3969,0,0,1000,10.0,0.0,0.0,0.0,0,0.0,nan,1.5414283107572988e-44,56.511865302631584,0.0
1762305456.899766,0.0,0.0,0.0,0.0,0.2,3.969,0.0,0,1.0,1000.0,0.0,False,0.0,0.0,0.0,0.0,32767,11,0,3,-0.001,0.0,0.0,0.0,0.0,0.2,3969,0,0,1000,10.0,0.0,0.0,0.0,0,0.0,nan,1.5414283107572988e-44,56.511865302631584,0.0
1762305456.8997786,0.0,0.0,0.0,0.0,0.2,3.969,0.0,0,1.0,1000.0,0.0,False,0.0,0.0,0.0,0.0,32767,11,0,3,-0.001,0.0,0.0,0.0,0.0,0.2,3969,0,0,1000,10.0,0.0,0.0,0.0,0,0.0,nan,1.5414283107572988e-44,56.511865302631584,0.0
1762305456.9040391,0.0,0.0,0.0,0.0,0.2,3.969,0.0,0,1.0,1000.0,0.0,False,0.0,0.0,0.0,0.0,32767,11,0,3,-0.001,0.0,0.0,0.0,0.0,0.2,3969,0,0,1000,10.0,0.0,0.0,0.0,0,0.0,nan,1.5414283107572988e-44,56.511865302631584,0.0
1762305456.9041152,0.0,0.0,0.0,0.0,0.2,3.969,0.0,0,1.0,1000.0,0.0,False,0.0,0.0,0.0,0.0,32767,11,0,3,-0.001,0.0,0.0,0.0,0.0,0.2,3969,0,0,1000,10.0,0.0,0.0,0.0,0,0.0,nan,1.5414283107572988e-44,56.511865302631584,0.0
1762305456.9042063,0.0,0.0,0.0,0.0,0.2,3.969,0.0,0,1.0,1000.0,0.0,False,0.0,0.0,0.0,0.0,32767,11,0,3,-0.001,0.0,0.0,0.0,0.0,0.2,3969,0,0,1000,10.0,0.0,0.0,0.0,0,0.0,nan,1.5414283107572988e-44,56.511865302631584,0.0
1762305456.904253,0.0,0.0,0.0,0.0,0.2,3.969,0.0,0,1.0,1000.0,0.0,False,0.0,0.0,0.0,0.0,32767,11,0,3,-0.001,0.0,0.0,0.0,0.0,0.2,3969,0,0,1000,10.0,0.0,0.0,0.0,0,0.0,nan,1.5414283107572988e-44,56.511865302631584,0.0
1762305456.9042866,0.0,0.0,0.0,0.0,0.2,3.969,0.0,0,1.0,1000.0,0.0,False,0.0,0.0,0.0,0.0,32767,11,0,3,-0.001,0.0,0.0,0.0,0.0,0.2,3969,0,0,1000,10.0,0.0,0.0,0.0,0,0.0,nan,1.5414283107572988e-44,56.511865302631584,0.0
1762305456.904321,0.0,0.0,0.0,0.0,0.2,3.969,0.0,0,1.0,1000.0,0.0,False,0.0,0.0,0.0,0.0,32767,11,0,3,-0.001,0.0,0.0,0.0,0.0,0.2,3969,0,0,1000,10.0,0.0,0.0,0.0,0,0.0,nan,1.5414283107572988e-44,56.511865302631584,0.0
1762305456.9043536,0.0,0.0,0.0,0.0,0.2,3.969,0.0,0,1.0,1000.0,0.0,False,0.0,0.0,0.0,0.0,32767,11,0,3,-0.001,0.0,0.0,0.0,0.0,0.2,3969,0,0,1000,10.0,0.0,0.0,0.0,0,0.0,nan,1.5414283107572988e-44,56.511865302631584,0.0
1762305456.9043853,0.0,0.0,0.0,0.0,0.2,3.969,0.0,0,1.0,1000.0,0.0,False,0.0,0.0,0.0,0.0,32767,11,0,3,-0.001,0.0,0.0,0.0,0.0,0.2,3969,0,0,1000,10.0,0.0,0.0,0.0,0,0.0,nan,1.5414283107572988e-44,56.511865302631584,0.0
1762305456.913598,0.0,0.0,0.0,0.0,0.2,3.969,0.0,0,1.0,1000.0,0.0,False,0.0,0.0,0.0,0.0,32767,11,0,3,-0.001,0.0,0.0,0.0,0.0,0.2,3969,0,0,1000,10.0,0.0,0.0,0.0,0,0.0,nan,1.5414283107572988e-44,56.511865302631584,0.0
1762305456.9136283,0.0,0.0,0.0,0.0,0.2,3.969,0.0,0,1.0,1000.0,0.0,False,0.0,0.0,0.0,0.0,32767,11,0,3,-0.001,0.0,0.0,0.0,0.0,0.2,3969,0,0,1000,10.0,0.0,0.0,0.0,0,0.0,nan,1.5414283107572988e-44,56.511865302631584,0.0
1762305456.9136572,0.0,0.0,0.0,0.0,0.2,3.969,0.0,0,1.0,1000.0,0.0,False,0.0,0.0,0.0,0.0,32767,11,0,3,-0.001,0.0,0.0,0.0,0.0,0.2,3969,0,0,1000,10.0,0.0,0.0,0.0,0,0.0,nan,1.5414283107572988e-44,56.511865302631584,0.0
1762305456.9136844,0.0,0.0,0.0,0.0,0.2,3.969,0.0,0,1.0,1000.0,0.0,False,0.0,0.0,0.0,0.0,32767,11,0,3,-0.001,0.0,0.0,0.0,0.0,0.2,3969,0,0,1000,10.0,0.0,0.0,0.0,0,0.0,nan,1.5414283107572988e-44,56.511865302631584,0.0
1762305456.913712,0.0,0.0,0.0,0.0,0.2,3.969,0.0,0,1.0,1000.0,0.0,False,0.0,0.0,0.0,0.0,32767,11,0,3,-0.001,0.0,0.0,0.0,0.0,0.2,3969,0,0,1000,10.0,0.0,0.0,0.0,0,0.0,nan,1.5414283107572988e-44,56.511865302631584,0.0
1762305456.9137394,0.0,0.0,0.0,0.0,0.2,3.969,0.0,0,1.0,1000.0,0.0,False,0.0,0.0,0.0,0.0,32767,11,0,3,-0.001,0.0,0.0,0.0,0.0,0.2,3969,0,0,1000,10.0,0.0,0.0,0.0,0,0.0,nan,1.5414283107572988e-44,56.511865302631584,0.0
1762305456.9137669,0.0,0.0,0.0,0.0,0.2,3.969,0.0,0,1.0,1000.0,0.0,False,0.0,0.0,0.0,0.0,32767,11,0,3,-0.001,0.0,0.0,0.0,0.0,0.2,3969,0,0,1000,10.0,0.0,0.0,0.0,0,0.0,nan,1.5414283107572988e-44,56.511865302631584,0.0
1762305456.913794,0.0,0.0,0.0,0.0,0.2,3.969,0.0,0,1.0,1000.0,0.0,False,0.0,0.0,0.0,0.0,32767,11,0,3,-0.001,0.0,0.0,0.0,0.0,0.2,3969,0,0,1000,10.0,0.0,0.0,0.0,0,0.0,nan,1.5414283107572988e-44,56.511865302631584,0.0
1762305456.9208355,0.0,0.0,0.0,0.0,0.2,3.969,0.0,0,1.0,1000.0,0.0,False,0.0,0.0,0.0,0.0,32767,11,0,3,-0.001,0.0,0.0,0.0,0.0,0.2,3969,0,0,1000,10.0,0.0,0.0,0.0,0,0.0,nan,1.5414283107572988e-44,56.511865302631584,0.0
1762305456.920868,0.0,0.0,0.0,0.0,0.2,3.969,0.0,0,1.0,1000.0,0.0,False,0.0,0.0,0.0,0.0,32767,11,0,3,-0.001,0.0,0.0,0.0,0.0,0.2,3969,0,0,1000,10.0,0.0,0.0,0.0,0,0.0,nan,1.5414283107572988e-44,56.511865302631584,0.0
1762305456.9208944,0.0,0.0,0.0,0.0,0.2,3.969,0.0,0,1.0,1000.0,0.0,False,0.0,0.0,0.0,0.0,32767,11,0,3,-0.001,0.0,0.0,0.0,0.0,0.2,3969,0,0,1000,10.0,0.0,0.0,0.0,0,0.0,nan,1.5414283107572988e-44,56.511865302631584,0.0
1762305456.9209268,0.0,0.0,0.0,0.0,0.2,3.969,0.0,0,1.0,1000.0,0.0,False,0.0,0.0,0.0,0.0,32767,11,0,3,-0.001,0.0,0.0,0.0,0.0,0.2,3969,0,0,1000,10.0,0.0,0.0,0.0,0,0.0,nan,1.5414283107572988e-44,56.511865302631584,0.0
1762305456.9209595,0.0,0.0,0.0,0.0,0.2,3.969,0.0,0,1.0,1000.0,0.0,False,0.0,0.0,0.0,0.0,32767,11,0,3,-0.001,0.0,0.0,0.0,0.0,0.2,3969,0,0,1000,10.0,0.0,0.0,0.0,0,0.0,nan,1.5414283107572988e-44,56.511865302631584,0.0
1762305456.9209933,0.0,0.0,0.0,0.0,0.2,3.969,0.0,0,1.0,1000.0,0.0,False,0.0,0.0,0.0,0.0,32767,11,0,3,-0.001,0.0,0.0,0.0,0.0,0.2,3969,0,0,1000,10.0,0.0,0.0,0.0,0,0.0,nan,1.5414283107572988e-44,56.511865302631584,0.0
1762305456.9210253,0.0,0.0,0.0,0.0,0.2,3.969,0.0,0,1.0,1000.0,0.0,False,0.0,0.0,0.0,0.0,32767,11,0,3,-0.001,0.0,0.0,0.0,0.0,0.2,3969,0,0,1000,10.0,0.0,0.0,0.0,0,0.0,nan,1.5414283107572988e-44,56.511865302631584,0.0
1762305456.9210525,0.0,0.0,0.0,0.0,0.2,3.969,0.0,0,1.0,1000.0,0.0,False,0.0,0.0,0.0,0.0,32767,11,0,3,-0.001,0.0,0.0,0.0,0.0,0.2,3969,0,0,1000,10.0,0.0,0.0,0.0,0,0.0,nan,1.5414283107572988e-44,56.511865302631584,0.0
1762305456.9274712,0.0,0.0,0.0,0.0,0.2,3.969,0.0,0,1.0,1000.0,0.0,False,0.0,0.0,0.0,0.0,32767,11,0,3,-0.001,0.0,0.0,0.0,0.0,0.2,3969,0,0,1000,10.0,0.0,0.0,0.0,0,0.0,nan,1.5414283107572988e-44,56.511865302631584,0.0
1762305456.9274893,0.0,0.0,0.0,0.0,0.2,3.969,0.0,0,1.0,1000.0,0.0,False,0.0,0.0,0.0,0.0,32767,11,0,3,-0.001,0.0,0.0,0.0,0.0,0.2,3969,0,0,1000,10.0,0.0,0.0,0.0,0,0.0,nan,1.5414283107572988e-44,56.511865302631584,0.0
1762305456.9275055,0.0,0.0,0.0,0.0,0.2,3.969,0.0,0,1.0,1000.0,0.0,False,0.0,0.0,0.0,0.0,32767,11,0,3,-0.001,0.0,0.0,0.0,0.0,0.2,3969,0,0,1000,10.0,0.0,0.0,0.0,0,0.0,nan,1.5414283107572988e-44,56.511865302631584,0.0
1762305456.92752,0.0,0.0,0.0,0.0,0.2,3.969,0.0,0,1.0,1000.0,0.0,False,0.0,0.0,0.0,0.0,32767,11,0,3,-0.001,0.0,0.0,0.0,0.0,0.2,3969,0,0,1000,10.0,0.0,0.0,0.0,0,0.0,nan,1.5414283107572988e-44,56.511865302631584,0.0
1762305456.927534,0.0,0.0,0.0,0.0,0.2,3.969,0.0,0,1.0,1000.0,0.0,False,0.0,0.0,0.0,0.0,32767,11,0,3,-0.001,0.0,0.0,0.0,0.0,0.2,3969,0,0,1000,10.0,0.0,0.0,0.0,0,0.0,nan,1.5414283107572988e-44,56.511865302631584,0.0
1762305456.9275486,0.0,0.0,0.0,0.0,0.2,3.969,0.0,0,1.0,1000.0,0.0,False,0.0,0.0,0.0,0.0,32767,11,0,3,-0.001,0.0,0.0,0.0,0.0,0.2,3969,0,0,1000,10.0,0.0,0.0,0.0,0,0.0,nan,1.5414283107572988e-44,56.511865302631584,0.0
1762305456.9275622,0.0,0.0,0.0,0.0,0.2,3.969,0.0,0,1.0,1000.0,0.0,False,0.0,0.0,0.0,0.0,32767,11,0,3,-0.001,0.0,0.0,0.0,0.0,0.2,3969,0,0,1000,10.0,0.0,0.0,0.0,0,0.0,nan,1.5414283107572988e-44,56.511865302631584,0.0
1762305456.927576,0.0,0.0,0.0,0.0,0.2,3.969,0.0,0,1.0,1000.0,0.0,False,0.0,0.0,0.0,0.0,32767,11,0,3,-0.001,0.0,0.0,0.0,0.0,0.2,3969,0,0,1000,10.0,0.0,0.0,0.0,0,0.0,nan,1.5414283107572988e-44,56.511865302631584,0.0
1762305456.931402,0.0,0.0,0.0,0.0,0.2,3.969,0.0,0,1.0,1000.0,0.0,False,0.0,0.0,0.0,0.0,32767,11,0,3,-0.001,0.0,0.0,0.0,0.0,0.2,3969,0,0,1000,10.0,0.0,0.0,0.0,0,0.0,nan,1.5414283107572988e-44,56.511865302631584,0.0
1762305456.931424,0.0,0.0,0.0,0.0,0.2,3.969,0.0,0,1.0,1000.0,0.0,False,0.0,0.0,0.0,0.0,32767,11,0,3,-0.001,0.0,0.0,0.0,0.0,0.2,3969,0,0,1000,10.0,0.0,0.0,0.0,0,0.0,nan,1.5414283107572988e-44,56.511865302631584,0.0
1762305456.9314423,0.0,0.0,0.0,0.0,0.2,3.969,0.0,0,1.0,1000.0,0.0,False,0.0,0.0,0.0,0.0,32767,11,0,3,-0.001,0.0,0.0,0.0,0.0,0.2,3969,0,0,1000,10.0,0.0,0.0,0.0,0,0.0,nan,1.5414283107572988e-44,56.511865302631584,0.0
1762305456.9314606,0.0,0.0,0.0,0.0,0.2,3.969,0.0,0,1.0,1000.0,0.0,False,0.0,0.0,0.0,0.0,32767,11,0,3,-0.001,0.0,0.0,0.0,0.0,0.2,3969,0,0,1000,10.0,0.0,0.0,0.0,0,0.0,nan,1.5414283107572988e-44,56.511865302631584,0.0
1762305456.9314783,0.0,0.0,0.0,0.0,0.2,3.969,0.0,0,1.0,1000.0,0.0,False,0.0,0.0,0.0,0.0,32767,11,0,3,-0.001,0.0,0.0,0.0,0.0,0.2,3969,0,0,1000,10.0,0.0,0.0,0.0,0,0.0,nan,1.5414283107572988e-44,56.511865302631584,0.0
1762305456.9314957,0.0,0.0,0.0,0.0,0.2,3.969,0.0,0,1.0,1000.0,0.0,False,0.0,0.0,0.0,0.0,32767,11,0,3,-0.001,0.0,0.0,0.0,0.0,0.2,3969,0,0,1000,10.0,0.0,0.0,0.0,0,0.0,nan,1.5414283107572988e-44,56.511865302631584,0.0
1762305456.9315126,0.0,0.0,0.0,0.0,0.2,3.969,0.0,0,1.0,1000.0,0.0,False,0.0,0.0,0.0,0.0,32767,11,0,3,-0.001,0.0,0.0,0.0,0.0,0.2,3969,0,0,1000,10.0,0.0,0.0,0.0,0,0.0,nan,1.5414283107572988e-44,56.511865302631584,0.0
1762305456.931529,0.0,0.0,0.0,0.0,0.2,3.969,0.0,0,1.0,1000.0,0.0,False,0.0,0.0,0.0,0.0,32767,11,0,3,-0.001,0.0,0.0,0.0,0.0,0.2,3969,0,0,1000,10.0,0.0,0.0,0.0,0,0.0,nan,1.5414283107572988e-44,56.511865302631584,0.0
1762305456.9364073,0.0,0.0,0.0,0.0,0.2,3.969,0.0,0,1.0,1000.0,0.0,False,0.0,0.0,0.0,0.0,32767,11,0,3,-0.001,0.0,0.0,0.0,0.0,0.2,3969,0,0,1000,10.0,0.0,0.0,0.0,0,0.0,nan,1.5414283107572988e-44,56.511865302631584,0.0
1762305456.936428,0.0,0.0,0.0,0.0,0.2,3.969,0.0,0,1.0,1000.0,0.0,False,0.0,0.0,0.0,0.0,32767,11,0,3,-0.001,0.0,0.0,0.0,0.0,0.2,3969,0,0,1000,10.0,0.0,0.0,0.0,0,0.0,nan,1.5414283107572988e-44,56.511865302631584,0.0
1762305456.936449,0.0,0.0,0.0,0.0,0.2,3.969,0.0,0,1.0,1000.0,0.0,False,0.0,0.0,0.0,0.0,32767,11,0,3,-0.001,0.0,0.0,0.0,0.0,0.2,3969,0,0,1000,10.0,0.0,0.0,0.0,0,0.0,nan,1.5414283107572988e-44,56.511865302631584,0.0
1762305456.9364698,0.0,0.0,0.0,0.0,0.2,3.969,0.0,0,1.0,1000.0,0.0,False,0.0,0.0,0.0,0.0,32767,11,0,3,-0.001,0.0,0.0,0.0,0.0,0.2,3969,0,0,1000,10.0,0.0,0.0,0.0,0,0.0,nan,1.5414283107572988e-44,56.511865302631584,0.0
1762305456.936487,0.0,0.0,0.0,0.0,0.2,3.969,0.0,0,1.0,1000.0,0.0,False,0.0,0.0,0.0,0.0,32767,11,0,3,-0.001,0.0,0.0,0.0,0.0,0.2,3969,0,0,1000,10.0,0.0,0.0,0.0,0,0.0,nan,1.5414283107572988e-44,56.511865302631584,0.0
1762305456.9365072,0.0,0.0,0.0,0.0,0.2,3.969,0.0,0,1.0,1000.0,0.0,False,0.0,0.0,0.0,0.0,32767,11,0,3,-0.001,0.0,0.0,0.0,0.0,0.2,3969,0,0,1000,10.0,0.0,0.0,0.0,0,0.0,nan,1.5414283107572988e-44,56.511865302631584,0.0
1762305456.9365273,0.0,0.0,0.0,0.0,0.2,3.969,0.0,0,1.0,1000.0,0.0,False,0.0,0.0,0.0,0.0,32767,11,0,3,-0.001,0.0,0.0,0.0,0.0,0.2,3969,0,0,1000,10.0,0.0,0.0,0.0,0,0.0,nan,1.5414283107572988e-44,56.511865302631584,0.0
1762305456.9365444,0.0,0.0,0.0,0.0,0.2,3.969,0.0,0,1.0,1000.0,0.0,False,0.0,0.0,0.0,0.0,32767,11,0,3,-0.001,0.0,0.0,0.0,0.0,0.2,3969,0,0,1000,10.0,0.0,0.0,0.0,0,0.0,nan,1.5414283107572988e-44,56.511865302631584,0.0
1762305456.9365628,0.0,0.0,0.0,0.0,0.2,3.969,0.0,0,1.0,1000.0,0.0,False,0.0,0.0,0.0,0.0,32767,11,0,3,-0.001,0.0,0.0,0.0,0.0,0.2,3969,0,0,1000,10.0,0.0,0.0,0.0,0,0.0,nan,1.5414283107572988e-44,56.511865302631584,0.0
1762305456.948291,0.0,0.0,0.0,0.0,0.2,3.969,0.0,0,1.0,1000.0,0.0,False,0.0,0.0,0.0,0.0,32767,11,0,3,-0.001,0.0,0.0,0.0,0.0,0.2,3969,0,0,1000,10.0,0.0,0.0,0.0,0,0.0,nan,1.5414283107572988e-44,56.511865302631584,0.0
1762305456.9483213,0.0,0.0,0.0,0.0,0.2,3.969,0.0,0,1.0,1000.0,0.0,False,0.0,0.0,0.0,0.0,32767,11,0,3,-0.001,0.0,0.0,0.0,0.0,0.2,3969,0,0,1000,10.0,0.0,0.0,0.0,0,0.0,nan,1.5414283107572988e-44,56.511865302631584,0.0
1762305456.9483478,0.0,0.0,0.0,0.0,0.2,3.969,0.0,0,1.0,1000.0,0.0,False,0.0,0.0,0.0,0.0,32767,11,0,3,-0.001,0.0,0.0,0.0,0.0,0.2,3969,0,0,1000,10.0,0.0,0.0,0.0,0,0.0,nan,1.5414283107572988e-44,56.511865302631584,0.0
1762305456.9483738,0.0,0.0,0.0,0.0,0.2,3.969,0.0,0,1.0,1000.0,0.0,False,0.0,0.0,0.0,0.0,32767,11,0,3,-0.001,0.0,0.0,0.0,0.0,0.2,3969,0,0,1000,10.0,0.0,0.0,0.0,0,0.0,nan,1.5414283107572988e-44,56.511865302631584,0.0
1762305456.9483988,0.0,0.0,0.0,0.0,0.2,3.969,0.0,0,1.0,1000.0,0.0,False,0.0,0.0,0.0,0.0,32767,11,0,3,-0.001,0.0,0.0,0.0,0.0,0.2,3969,0,0,1000,10.0,0.0,0.0,0.0,0,0.0,nan,1.5414283107572988e-44,56.511865302631584,0.0
1762305456.9484236,0.0,0.0,0.0,0.0,0.2,3.969,0.0,0,1.0,1000.0,0.0,False,0.0,0.0,0.0,0.0,32767,11,0,3,-0.001,0.0,0.0,0.0,0.0,0.2,3969,0,0,1000,10.0,0.0,0.0,0.0,0,0.0,nan,1.5414283107572988e-44,56.511865302631584,0.0
1762305456.948447,0.0,0.0,0.0,0.0,0.2,3.969,0.0,0,1.0,1000.0,0.0,False,0.0,0.0,0.0,0.0,32767,11,0,3,-0.001,0.0,0.0,0.0,0.0,0.2,3969,0,0,1000,10.0,0.0,0.0,0.0,0,0.0,nan,1.5414283107572988e-44,56.511865302631584,0.0
1762305456.9484706,0.0,0.0,0.0,0.0,0.2,3.969,0.0,0,1.0,1000.0,0.0,False,0.0,0.0,0.0,0.0,32767,11,0,3,-0.001,0.0,0.0,0.0,0.0,0.2,3969,0,0,1000,10.0,0.0,0.0,0.0,0,0.0,nan,1.5414283107572988e-44,56.511865302631584,0.0
1762305456.9594548,0.0,0.0,0.0,0.0,0.2,3.969,0.0,0,1.0,1000.0,0.0,False,0.0,0.0,0.0,0.0,32767,11,0,3,-0.001,0.0,0.0,0.0,0.0,0.2,3969,0,0,1000,10.0,0.0,0.0,0.0,0,0.0,nan,1.5414283107572988e-44,56.511865302631584,0.0
1762305456.9594874,0.0,0.0,0.0,0.0,0.2,3.969,0.0,0,1.0,1000.0,0.0,False,0.0,0.0,0.0,0.0,32767,11,0,3,-0.001,0.0,0.0,0.0,0.0,0.2,3969,0,0,1000,10.0,0.0,0.0,0.0,0,0.0,nan,1.5414283107572988e-44,56.511865302631584,0.0
1762305456.9595165,0.0,0.0,0.0,0.0,0.2,3.969,0.0,0,1.0,1000.0,0.0,False,0.0,0.0,0.0,0.0,32767,11,0,3,-0.001,0.0,0.0,0.0,0.0,0.2,3969,0,0,1000,10.0,0.0,0.0,0.0,0,0.0,nan,1.5414283107572988e-44,56.511865302631584,0.0
1762305456.9595435,0.0,0.0,0.0,0.0,0.2,3.969,0.0,0,1.0,1000.0,0.0,False,0.0,0.0,0.0,0.0,32767,11,0,3,-0.001,0.0,0.0,0.0,0.0,0.2,3969,0,0,1000,10.0,0.0,0.0,0.0,0,0.0,nan,1.5414283107572988e-44,56.511865302631584,0.0
1762305456.9595706,0.0,0.0,0.0,0.0,0.2,3.969,0.0,0,1.0,1000.0,0.0,False,0.0,0.0,0.0,0.0,32767,11,0,3,-0.001,0.0,0.0,0.0,0.0,0.2,3969,0,0,1000,10.0,0.0,0.0,0.0,0,0.0,nan,1.5414283107572988e-44,56.511865302631584,0.0
1762305456.9595983,0.0,0.0,0.0,0.0,0.2,3.969,0.0,0,1.0,1000.0,0.0,False,0.0,0.0,0.0,0.0,32767,11,0,3,-0.001,0.0,0.0,0.0,0.0,0.2,3969,0,0,1000,10.0,0.0,0.0,0.0,0,0.0,nan,1.5414283107572988e-44,56.511865302631584,0.0
1762305456.959625,0.0,0.0,0.0,0.0,0.2,3.969,0.0,0,1.0,1000.0,0.0,False,0.0,0.0,0.0,0.0,32767,11,0,3,-0.001,0.0,0.0,0.0,0.0,0.2,3969,0,0,1000,10.0,0.0,0.0,0.0,0,0.0,nan,1.5414283107572988e-44,56.511865302631584,0.0
1762305456.959652,0.0,0.0,0.0,0.0,0.2,3.969,0.0,0,1.0,1000.0,0.0,False,0.0,0.0,0.0,0.0,32767,11,0,3,-0.001,0.0,0.0,0.0,0.0,0.2,3969,0,0,1000,10.0,0.0,0.0,0.0,0,0.0,nan,1.5414283107572988e-44,56.511865302631584,0.0
1762305456.9658673,0.0,0.0,0.0,0.0,0.2,3.969,0.0,0,1.0,1000.0,0.0,False,0.0,0.0,0.0,0.0,32767,11,0,3,-0.001,0.0,0.0,0.0,0.0,0.2,3969,0,0,1000,10.0,0.0,0.0,0.0,0,0.0,nan,1.5414283107572988e-44,56.511865302631584,0.0
1762305456.965899,0.0,0.0,0.0,0.0,0.2,3.969,0.0,0,1.0,1000.0,0.0,False,0.0,0.0,0.0,0.0,32767,11,0,3,-0.001,0.0,0.0,0.0,0.0,0.2,3969,0,0,1000,10.0,0.0,0.0,0.0,0,0.0,nan,1.5414283107572988e-44,56.511865302631584,0.0
1762305456.9659264,0.0,0.0,0.0,0.0,0.2,3.969,0.0,0,1.0,1000.0,0.0,False,0.0,0.0,0.0,0.0,32767,11,0,3,-0.001,0.0,0.0,0.0,0.0,0.2,3969,0,0,1000,10.0,0.0,0.0,0.0,0,0.0,nan,1.5414283107572988e-44,56.511865302631584,0.0
1762305456.9659538,0.0,0.0,0.0,0.0,0.2,3.969,0.0,0,1.0,1000.0,0.0,False,0.0,0.0,0.0,0.0,32767,11,0,3,-0.001,0.0,0.0,0.0,0.0,0.2,3969,0,0,1000,10.0,0.0,0.0,0.0,0,0.0,nan,1.5414283107572988e-44,56.511865302631584,0.0
1762305456.9659815,0.0,0.0,0.0,0.0,0.2,3.969,0.0,0,1.0,1000.0,0.0,False,0.0,0.0,0.0,0.0,32767,11,0,3,-0.001,0.0,0.0,0.0,0.0,0.2,3969,0,0,1000,10.0,0.0,0.0,0.0,0,0.0,nan,1.5414283107572988e-44,56.511865302631584,0.0
1762305456.9660106,0.0,0.0,0.0,0.0,0.2,3.969,0.0,0,1.0,1000.0,0.0,False,0.0,0.0,0.0,0.0,32767,11,0,3,-0.001,0.0,0.0,0.0,0.0,0.2,3969,0,0,1000,10.0,0.0,0.0,0.0,0,0.0,nan,1.5414283107572988e-44,56.511865302631584,0.0
1762305456.9660382,0.0,0.0,0.0,0.0,0.2,3.969,0.0,0,1.0,1000.0,0.0,False,0.0,0.0,0.0,0.0,32767,11,0,3,-0.001,0.0,0.0,0.0,0.0,0.2,3969,0,0,1000,10.0,0.0,0.0,0.0,0,0.0,nan,1.5414283107572988e-44,56.511865302631584,0.0
1762305456.966065,0.0,0.0,0.0,0.0,0.2,3.969,0.0,0,1.0,1000.0,0.0,False,0.0,0.0,0.0,0.0,32767,11,0,3,-0.001,0.0,0.0,0.0,0.0,0.2,3969,0,0,1000,10.0,0.0,0.0,0.0,0,0.0,nan,1.5414283107572988e-44,56.511865302631584,0.0
1762305456.9717066,0.0,0.0,0.0,0.0,0.2,3.969,0.0,0,1.0,1000.0,0.0,False,0.0,0.0,0.0,0.0,32767,11,0,3,-0.001,0.0,0.0,0.0,0.0,0.2,3969,0,0,1000,10.0,0.0,0.0,0.0,0,0.0,nan,1.5414283107572988e-44,56.511865302631584,0.0
1762305456.9717355,0.0,0.0,0.0,0.0,0.2,3.969,0.0,0,1.0,1000.0,0.0,False,0.0,0.0,0.0,0.0,32767,11,0,3,-0.001,0.0,0.0,0.0,0.0,0.2,3969,0,0,1000,10.0,0.0,0.0,0.0,0,0.0,nan,1.5414283107572988e-44,56.511865302631584,0.0
1762305456.9717607,0.0,0.0,0.0,0.0,0.2,3.969,0.0,0,1.0,1000.0,0.0,False,0.0,0.0,0.0,0.0,32767,11,0,3,-0.001,0.0,0.0,0.0,0.0,0.2,3969,0,0,1000,10.0,0.0,0.0,0.0,0,0.0,nan,1.5414283107572988e-44,56.511865302631584,0.0
1762305456.9717846,0.0,0.0,0.0,0.0,0.2,3.969,0.0,0,1.0,1000.0,0.0,False,0.0,0.0,0.0,0.0,32767,11,0,3,-0.001,0.0,0.0,0.0,0.0,0.2,3969,0,0,1000,10.0,0.0,0.0,0.0,0,0.0,nan,1.5414283107572988e-44,56.511865302631584,0.0
1762305456.9718099,0.0,0.0,0.0,0.0,0.2,3.969,0.0,0,1.0,1000.0,0.0,False,0.0,0.0,0.0,0.0,32767,11,0,3,-0.001,0.0,0.0,0.0,0.0,0.2,3969,0,0,1000,10.0,0.0,0.0,0.0,0,0.0,nan,1.5414283107572988e-44,56.511865302631584,0.0
1762305456.9718347,0.0,0.0,0.0,0.0,0.2,3.969,0.0,0,1.0,1000.0,0.0,False,0.0,0.0,0.0,0.0,32767,11,0,3,-0.001,0.0,0.0,0.0,0.0,0.2,3969,0,0,1000,10.0,0.0,0.0,0.0,0,0.0,nan,1.5414283107572988e-44,56.511865302631584,0.0
1762305456.9718583,0.0,0.0,0.0,0.0,0.2,3.969,0.0,0,1.0,1000.0,0.0,False,0.0,0.0,0.0,0.0,32767,11,0,3,-0.001,0.0,0.0,0.0,0.0,0.2,3969,0,0,1000,10.0,0.0,0.0,0.0,0,0.0,nan,1.5414283107572988e-44,56.511865302631584,0.0
1762305456.9718823,0.0,0.0,0.0,0.0,0.2,3.969,0.0,0,1.0,1000.0,0.0,False,0.0,0.0,0.0,0.0,32767,11,0,3,-0.001,0.0,0.0,0.0,0.0,0.2,3969,0,0,1000,10.0,0.0,0.0,0.0,0,0.0,nan,1.5414283107572988e-44,56.511865302631584,0.0
1762305456.9801664,0.0,0.0,0.0,0.0,0.2,3.969,0.0,0,1.0,1000.0,0.0,False,0.0,0.0,0.0,0.0,32767,11,0,3,-0.001,0.0,0.0,0.0,0.0,0.2,3969,0,0,1000,10.0,0.0,0.0,0.0,0,0.0,nan,1.5414283107572988e-44,56.511865302631584,0.0
1762305456.980203,0.0,0.0,0.0,0.0,0.2,3.969,0.0,0,1.0,1000.0,0.0,False,0.0,0.0,0.0,0.0,32767,11,0,3,-0.001,0.0,0.0,0.0,0.0,0.2,3969,0,0,1000,10.0,0.0,0.0,0.0,0,0.0,nan,1.5414283107572988e-44,56.511865302631584,0.0
1762305456.9802265,0.0,0.0,0.0,0.0,0.2,3.969,0.0,0,1.0,1000.0,0.0,False,0.0,0.0,0.0,0.0,32767,11,0,3,-0.001,0.0,0.0,0.0,0.0,0.2,3969,0,0,1000,10.0,0.0,0.0,0.0,0,0.0,nan,1.5414283107572988e-44,56.511865302631584,0.0
1762305456.98025,0.0,0.0,0.0,0.0,0.2,3.969,0.0,0,1.0,1000.0,0.0,False,0.0,0.0,0.0,0.0,32767,11,0,3,-0.001,0.0,0.0,0.0,0.0,0.2,3969,0,0,1000,10.0,0.0,0.0,0.0,0,0.0,nan,1.5414283107572988e-44,56.511865302631584,0.0
1762305456.9802723,0.0,0.0,0.0,0.0,0.2,3.969,0.0,0,1.0,1000.0,0.0,False,0.0,0.0,0.0,0.0,32767,11,0,3,-0.001,0.0,0.0,0.0,0.0,0.2,3969,0,0,1000,10.0,0.0,0.0,0.0,0,0.0,nan,1.5414283107572988e-44,56.511865302631584,0.0
1762305456.9802952,0.0,0.0,0.0,0.0,0.2,3.969,0.0,0,1.0,1000.0,0.0,False,0.0,0.0,0.0,0.0,32767,11,0,3,-0.001,0.0,0.0,0.0,0.0,0.2,3969,0,0,1000,10.0,0.0,0.0,0.0,0,0.0,nan,1.5414283107572988e-44,56.511865302631584,0.0
1762305456.9803176,0.0,0.0,0.0,0.0,0.2,3.969,0.0,0,1.0,1000.0,0.0,False,0.0,0.0,0.0,0.0,32767,11,0,3,-0.001,0.0,0.0,0.0,0.0,0.2,3969,0,0,1000,10.0,0.0,0.0,0.0,0,0.0,nan,1.5414283107572988e-44,56.511865302631584,0.0
1762305456.9803407,0.0,0.0,0.0,0.0,0.2,3.969,0.0,0,1.0,1000.0,0.0,False,0.0,0.0,0.0,0.0,32767,11,0,3,-0.001,0.0,0.0,0.0,0.0,0.2,3969,0,0,1000,10.0,0.0,0.0,0.0,0,0.0,nan,1.5414283107572988e-44,56.511865302631584,0.0
1762305456.9924643,0.0,0.0,0.0,0.0,0.2,3.969,0.0,0,1.0,1000.0,0.0,False,0.0,0.0,0.0,0.0,32767,11,0,3,-0.001,0.0,0.0,0.0,0.0,0.2,3969,0,0,1000,10.0,0.0,0.0,0.0,0,0.0,nan,1.5414283107572988e-44,56.511865302631584,0.0
1762305456.9924955,0.0,0.0,0.0,0.0,0.2,3.969,0.0,0,1.0,1000.0,0.0,False,0.0,0.0,0.0,0.0,32767,11,0,3,-0.001,0.0,0.0,0.0,0.0,0.2,3969,0,0,1000,10.0,0.0,0.0,0.0,0,0.0,nan,1.5414283107572988e-44,56.511865302631584,0.0
1762305456.9925222,0.0,0.0,0.0,0.0,0.2,3.969,0.0,0,1.0,1000.0,0.0,False,0.0,0.0,0.0,0.0,32767,11,0,3,-0.001,0.0,0.0,0.0,0.0,0.2,3969,0,0,1000,10.0,0.0,0.0,0.0,0,0.0,nan,1.5414283107572988e-44,56.511865302631584,0.0
1762305456.9925492,0.0,0.0,0.0,0.0,0.2,3.969,0.0,0,1.0,1000.0,0.0,False,0.0,0.0,0.0,0.0,32767,11,0,3,-0.001,0.0,0.0,0.0,0.0,0.2,3969,0,0,1000,10.0,0.0,0.0,0.0,0,0.0,nan,1.5414283107572988e-44,56.511865302631584,0.0
1762305456.9925747,0.0,0.0,0.0,0.0,0.2,3.969,0.0,0,1.0,1000.0,0.0,False,0.0,0.0,0.0,0.0,32767,11,0,3,-0.001,0.0,0.0,0.0,0.0,0.2,3969,0,0,1000,10.0,0.0,0.0,0.0,0,0.0,nan,1.5414283107572988e-44,56.511865302631584,0.0
1762305456.992601,0.0,0.0,0.0,0.0,0.2,3.969,0.0,0,1.0,1000.0,0.0,False,0.0,0.0,0.0,0.0,32767,11,0,3,-0.001,0.0,0.0,0.0,0.0,0.2,3969,0,0,1000,10.0,0.0,0.0,0.0,0,0.0,nan,1.5414283107572988e-44,56.511865302631584,0.0
1762305456.9926274,0.0,0.0,0.0,0.0,0.2,3.969,0.0,0,1.0,1000.0,0.0,False,0.0,0.0,0.0,0.0,32767,11,0,3,-0.001,0.0,0.0,0.0,0.0,0.2,3969,0,0,1000,10.0,0.0,0.0,0.0,0,0.0,nan,1.5414283107572988e-44,56.511865302631584,0.0
1762305456.992654,0.0,0.0,0.0,0.0,0.2,3.969,0.0,0,1.0,1000.0,0.0,False,0.0,0.0,0.0,0.0,32767,11,0,3,-0.001,0.0,0.0,0.0,0.0,0.2,3969,0,0,1000,10.0,0.0,0.0,0.0,0,0.0,nan,1.5414283107572988e-44,56.511865302631584,0.0
1762305457.003405,0.0,0.0,0.0,0.0,0.2,3.969,0.0,0,1.0,1000.0,0.0,False,0.0,0.0,0.0,0.0,32767,11,0,3,-0.001,0.0,0.0,0.0,0.0,0.2,3969,0,0,1000,10.0,0.0,0.0,0.0,0,0.0,nan,1.5414283107572988e-44,56.511865302631584,0.0
1762305457.0034378,0.0,0.0,0.0,0.0,0.2,3.969,0.0,0,1.0,1000.0,0.0,False,0.0,0.0,0.0,0.0,32767,11,0,3,-0.001,0.0,0.0,0.0,0.0,0.2,3969,0,0,1000,10.0,0.0,0.0,0.0,0,0.0,nan,1.5414283107572988e-44,56.511865302631584,0.0
1762305457.0034702,0.0,0.0,0.0,0.0,0.2,3.969,0.0,0,1.0,1000.0,0.0,False,0.0,0.0,0.0,0.0,32767,11,0,3,-0.001,0.0,0.0,0.0,0.0,0.2,3969,0,0,1000,10.0,0.0,0.0,0.0,0,0.0,nan,1.5414283107572988e-44,56.511865302631584,0.0
1762305457.0034988,0.0,0.0,0.0,0.0,0.2,3.969,0.0,0,1.0,1000.0,0.0,False,0.0,0.0,0.0,0.0,32767,11,0,3,-0.001,0.0,0.0,0.0,0.0,0.2,3969,0,0,1000,10.0,0.0,0.0,0.0,0,0.0,nan,1.5414283107572988e-44,56.511865302631584,0.0
1762305457.0035264,0.0,0.0,0.0,0.0,0.2,3.969,0.0,0,1.0,1000.0,0.0,False,0.0,0.0,0.0,0.0,32767,11,0,3,-0.001,0.0,0.0,0.0,0.0,0.2,3969,0,0,1000,10.0,0.0,0.0,0.0,0,0.0,nan,1.5414283107572988e-44,56.511865302631584,0.0
1762305457.003554,0.0,0.0,0.0,0.0,0.2,3.969,0.0,0,1.0,1000.0,0.0,False,0.0,0.0,0.0,0.0,32767,11,0,3,-0.001,0.0,0.0,0.0,0.0,0.2,3969,0,0,1000,10.0,0.0,0.0,0.0,0,0.0,nan,1.5414283107572988e-44,56.511865302631584,0.0
1762305457.0035822,0.0,0.0,0.0,0.0,0.2,3.969,0.0,0,1.0,1000.0,0.0,False,0.0,0.0,0.0,0.0,32767,11,0,3,-0.001,0.0,0.0,0.0,0.0,0.2,3969,0,0,1000,10.0,0.0,0.0,0.0,0,0.0,nan,1.5414283107572988e-44,56.511865302631584,0.0
1762305457.0036106,0.0,0.0,0.0,0.0,0.2,3.969,0.0,0,1.0,1000.0,0.0,False,0.0,0.0,0.0,0.0,32767,11,0,3,-0.001,0.0,0.0,0.0,0.0,0.2,3969,0,0,1000,10.0,0.0,0.0,0.0,0,0.0,nan,1.5414283107572988e-44,56.511865302631584,0.0
1762305457.013276,0.0,0.0,0.0,0.0,0.2,3.969,0.0,0,1.0,1000.0,0.0,False,0.0,0.0,0.0,0.0,32767,11,0,3,-0.001,0.0,0.0,0.0,0.0,0.2,3969,0,0,1000,10.0,0.0,0.0,0.0,0,0.0,nan,1.5414283107572988e-44,56.511865302631584,0.0
1762305457.013307,0.0,0.0,0.0,0.0,0.2,3.969,0.0,0,1.0,1000.0,0.0,False,0.0,0.0,0.0,0.0,32767,11,0,3,-0.001,0.0,0.0,0.0,0.0,0.2,3969,0,0,1000,10.0,0.0,0.0,0.0,0,0.0,nan,1.5414283107572988e-44,56.511865302631584,0.0
1762305457.0133336,0.0,0.0,0.0,0.0,0.2,3.969,0.0,0,1.0,1000.0,0.0,False,0.0,0.0,0.0,0.0,32767,11,0,3,-0.001,0.0,0.0,0.0,0.0,0.2,3969,0,0,1000,10.0,0.0,0.0,0.0,0,0.0,nan,1.5414283107572988e-44,56.511865302631584,0.0
1762305457.0133586,0.0,0.0,0.0,0.0,0.2,3.969,0.0,0,1.0,1000.0,0.0,False,0.0,0.0,0.0,0.0,32767,11,0,3,-0.001,0.0,0.0,0.0,0.0,0.2,3969,0,0,1000,10.0,0.0,0.0,0.0,0,0.0,nan,1.5414283107572988e-44,56.511865302631584,0.0
1762305457.0133832,0.0,0.0,0.0,0.0,0.2,3.969,0.0,0,1.0,1000.0,0.0,False,0.0,0.0,0.0,0.0,32767,11,0,3,-0.001,0.0,0.0,0.0,0.0,0.2,3969,0,0,1000,10.0,0.0,0.0,0.0,0,0.0,nan,1.5414283107572988e-44,56.511865302631584,0.0
1762305457.0134082,0.0,0.0,0.0,0.0,0.2,3.969,0.0,0,1.0,1000.0,0.0,False,0.0,0.0,0.0,0.0,32767,11,0,3,-0.001,0.0,0.0,0.0,0.0,0.2,3969,0,0,1000,10.0,0.0,0.0,0.0,0,0.0,nan,1.5414283107572988e-44,56.511865302631584,0.0
1762305457.0134318,0.0,0.0,0.0,0.0,0.2,3.969,0.0,0,1.0,1000.0,0.0,False,0.0,0.0,0.0,0.0,32767,11,0,3,-0.001,0.0,0.0,0.0,0.0,0.2,3969,0,0,1000,10.0,0.0,0.0,0.0,0,0.0,nan,1.5414283107572988e-44,56.511865302631584,0.0
1762305457.013456,0.0,0.0,0.0,0.0,0.2,3.969,0.0,0,1.0,1000.0,0.0,False,0.0,0.0,0.0,0.0,32767,11,0,3,-0.001,0.0,0.0,0.0,0.0,0.2,3969,0,0,1000,10.0,0.0,0.0,0.0,0,0.0,nan,1.5414283107572988e-44,56.511865302631584,0.0
1762305457.0134804,0.0,0.0,0.0,0.0,0.2,3.969,0.0,0,1.0,1000.0,0.0,False,0.0,0.0,0.0,0.0,32767,11,0,3,-0.001,0.0,0.0,0.0,0.0,0.2,3969,0,0,1000,10.0,0.0,0.0,0.0,0,0.0,nan,1.5414283107572988e-44,56.511865302631584,0.0
1762305457.0220313,0.0,0.0,0.0,0.0,0.2,3.969,0.0,0,1.0,1000.0,0.0,False,0.0,0.0,0.0,0.0,32767,11,0,3,-0.001,0.0,0.0,0.0,0.0,0.2,3969,0,0,1000,10.0,0.0,0.0,0.0,0,0.0,nan,1.5414283107572988e-44,56.511865302631584,0.0
1762305457.0220506,0.0,0.0,0.0,0.0,0.2,3.969,0.0,0,1.0,1000.0,0.0,False,0.0,0.0,0.0,0.0,32767,11,0,3,-0.001,0.0,0.0,0.0,0.0,0.2,3969,0,0,1000,10.0,0.0,0.0,0.0,0,0.0,nan,1.5414283107572988e-44,56.511865302631584,0.0
1762305457.022066,0.0,0.0,0.0,0.0,0.2,3.969,0.0,0,1.0,1000.0,0.0,False,0.0,0.0,0.0,0.0,32767,11,0,3,-0.001,0.0,0.0,0.0,0.0,0.2,3969,0,0,1000,10.0,0.0,0.0,0.0,0,0.0,nan,1.5414283107572988e-44,56.511865302631584,0.0
1762305457.0220828,0.0,0.0,0.0,0.0,0.2,3.969,0.0,0,1.0,1000.0,0.0,False,0.0,0.0,0.0,0.0,32767,11,0,3,-0.001,0.0,0.0,0.0,0.0,0.2,3969,0,0,1000,10.0,0.0,0.0,0.0,0,0.0,nan,1.5414283107572988e-44,56.511865302631584,0.0
1762305457.0220978,0.0,0.0,0.0,0.0,0.2,3.969,0.0,0,1.0,1000.0,0.0,False,0.0,0.0,0.0,0.0,32767,11,0,3,-0.001,0.0,0.0,0.0,0.0,0.2,3969,0,0,1000,10.0,0.0,0.0,0.0,0,0.0,nan,1.5414283107572988e-44,56.511865302631584,0.0
1762305457.0221143,0.0,0.0,0.0,0.0,0.2,3.969,0.0,0,1.0,1000.0,0.0,False,0.0,0.0,0.0,0.0,32767,11,0,3,-0.001,0.0,0.0,0.0,0.0,0.2,3969,0,0,1000,10.0,0.0,0.0,0.0,0,0.0,nan,1.5414283107572988e-44,56.511865302631584,0.0
1762305457.0221303,0.0,0.0,0.0,0.0,0.2,3.969,0.0,0,1.0,1000.0,0.0,False,0.0,0.0,0.0,0.0,32767,11,0,3,-0.001,0.0,0.0,0.0,0.0,0.2,3969,0,0,1000,10.0,0.0,0.0,0.0,0,0.0,nan,1.5414283107572988e-44,56.511865302631584,0.0
1762305457.0222778,0.0,0.0,0.0,0.0,0.2,3.969,0.0,0,1.0,1000.0,0.0,False,0.0,0.0,0.0,0.0,32767,11,0,3,-0.001,0.0,0.0,0.0,0.0,0.2,3969,0,0,1000,10.0,0.0,0.0,0.0,0,0.0,nan,1.5414283107572988e-44,56.511865302631584,0.0
1762305457.0289354,0.0,0.0,0.0,0.0,0.2,3.969,0.0,0,1.0,1000.0,0.0,False,0.0,0.0,0.0,0.0,32767,11,0,3,-0.001,0.0,0.0,0.0,0.0,0.2,3969,0,0,1000,10.0,0.0,0.0,0.0,0,0.0,nan,1.5414283107572988e-44,56.511865302631584,0.0
1762305457.0289714,0.0,0.0,0.0,0.0,0.2,3.969,0.0,0,1.0,1000.0,0.0,False,0.0,0.0,0.0,0.0,32767,11,0,3,-0.001,0.0,0.0,0.0,0.0,0.2,3969,0,0,1000,10.0,0.0,0.0,0.0,0,0.0,nan,1.5414283107572988e-44,56.511865302631584,0.0
1762305457.0290005,0.0,0.0,0.0,0.0,0.2,3.969,0.0,0,1.0,1000.0,0.0,False,0.0,0.0,0.0,0.0,32767,11,0,3,-0.001,0.0,0.0,0.0,0.0,0.2,3969,0,0,1000,10.0,0.0,0.0,0.0,0,0.0,nan,1.5414283107572988e-44,56.511865302631584,0.0
1762305457.029028,0.0,0.0,0.0,0.0,0.2,3.969,0.0,0,1.0,1000.0,0.0,False,0.0,0.0,0.0,0.0,32767,11,0,3,-0.001,0.0,0.0,0.0,0.0,0.2,3969,0,0,1000,10.0,0.0,0.0,0.0,0,0.0,nan,1.5414283107572988e-44,56.511865302631584,0.0
1762305457.0290618,0.0,0.0,0.0,0.0,0.2,3.969,0.0,0,1.0,1000.0,0.0,False,0.0,0.0,0.0,0.0,32767,11,0,3,-0.001,0.0,0.0,0.0,0.0,0.2,3969,0,0,1000,10.0,0.0,0.0,0.0,0,0.0,nan,1.5414283107572988e-44,56.511865302631584,0.0
1762305457.0290966,0.0,0.0,0.0,0.0,0.2,3.969,0.0,0,1.0,1000.0,0.0,False,0.0,0.0,0.0,0.0,32767,11,0,3,-0.001,0.0,0.0,0.0,0.0,0.2,3969,0,0,1000,10.0,0.0,0.0,0.0,0,0.0,nan,1.5414283107572988e-44,56.511865302631584,0.0
1762305457.02913,0.0,0.0,0.0,0.0,0.2,3.969,0.0,0,1.0,1000.0,0.0,False,0.0,0.0,0.0,0.0,32767,11,0,3,-0.001,0.0,0.0,0.0,0.0,0.2,3969,0,0,1000,10.0,0.0,0.0,0.0,0,0.0,nan,1.5414283107572988e-44,56.511865302631584,0.0
1762305457.029159,0.0,0.0,0.0,0.0,0.2,3.969,0.0,0,1.0,1000.0,0.0,False,0.0,0.0,0.0,0.0,32767,11,0,3,-0.001,0.0,0.0,0.0,0.0,0.2,3969,0,0,1000,10.0,0.0,0.0,0.0,0,0.0,nan,1.5414283107572988e-44,56.511865302631584,0.0
1762305457.0345428,0.0,0.0,0.0,0.0,0.2,3.969,0.0,0,1.0,1000.0,0.0,False,0.0,0.0,0.0,0.0,32767,11,0,3,-0.001,0.0,0.0,0.0,0.0,0.2,3969,0,0,1000,10.0,0.0,0.0,0.0,0,0.0,nan,1.5414283107572988e-44,56.511865302631584,0.0
1762305457.034559,0.0,0.0,0.0,0.0,0.2,3.969,0.0,0,1.0,1000.0,0.0,False,0.0,0.0,0.0,0.0,32767,11,0,3,-0.001,0.0,0.0,0.0,0.0,0.2,3969,0,0,1000,10.0,0.0,0.0,0.0,0,0.0,nan,1.5414283107572988e-44,56.511865302631584,0.0
1762305457.0345898,0.0,0.0,0.0,0.0,0.2,3.969,0.0,0,1.0,1000.0,0.0,False,0.0,0.0,0.0,0.0,32767,11,0,3,-0.001,0.0,0.0,0.0,0.0,0.2,3969,0,0,1000,10.0,0.0,0.0,0.0,0,0.0,nan,1.5414283107572988e-44,56.511865302631584,0.0
1762305457.0346036,0.0,0.0,0.0,0.0,0.2,3.969,0.0,0,1.0,1000.0,0.0,False,0.0,0.0,0.0,0.0,32767,11,0,3,-0.001,0.0,0.0,0.0,0.0,0.2,3969,0,0,1000,10.0,0.0,0.0,0.0,0,0.0,nan,1.5414283107572988e-44,56.511865302631584,0.0
1762305457.0346155,0.0,0.0,0.0,0.0,0.2,3.969,0.0,0,1.0,1000.0,0.0,False,0.0,0.0,0.0,0.0,32767,11,0,3,-0.001,0.0,0.0,0.0,0.0,0.2,3969,0,0,1000,10.0,0.0,0.0,0.0,0,0.0,nan,1.5414283107572988e-44,56.511865302631584,0.0
1762305457.0346363,0.0,0.0,0.0,0.0,0.2,3.969,0.0,0,1.0,1000.0,0.0,False,0.0,0.0,0.0,0.0,32767,11,0,3,-0.001,0.0,0.0,0.0,0.0,0.2,3969,0,0,1000,10.0,0.0,0.0,0.0,0,0.0,nan,1.5414283107572988e-44,56.511865302631584,0.0
1762305457.0346477,0.0,0.0,0.0,0.0,0.2,3.969,0.0,0,1.0,1000.0,0.0,False,0.0,0.0,0.0,0.0,32767,11,0,3,-0.001,0.0,0.0,0.0,0.0,0.2,3969,0,0,1000,10.0,0.0,0.0,0.0,0,0.0,nan,1.5414283107572988e-44,56.511865302631584,0.0
1762305457.0346594,0.0,0.0,0.0,0.0,0.2,3.969,0.0,0,1.0,1000.0,0.0,False,0.0,0.0,0.0,0.0,32767,11,0,3,-0.001,0.0,0.0,0.0,0.0,0.2,3969,0,0,1000,10.0,0.0,0.0,0.0,0,0.0,nan,1.5414283107572988e-44,56.511865302631584,0.0
1762305457.0411944,0.0,0.0,0.0,0.0,0.2,3.969,0.0,0,1.0,1000.0,0.0,False,0.0,0.0,0.0,0.0,32767,11,0,3,-0.001,0.0,0.0,0.0,0.0,0.2,3969,0,0,1000,10.0,0.0,0.0,0.0,0,0.0,nan,1.5414283107572988e-44,56.511865302631584,0.0
1762305457.0412407,0.0,0.0,0.0,0.0,0.2,3.969,0.0,0,1.0,1000.0,0.0,False,0.0,0.0,0.0,0.0,32767,11,0,3,-0.001,0.0,0.0,0.0,0.0,0.2,3969,0,0,1000,10.0,0.0,0.0,0.0,0,0.0,nan,1.5414283107572988e-44,56.511865302631584,0.0
1762305457.0412693,0.0,0.0,0.0,0.0,0.2,3.969,0.0,0,1.0,1000.0,0.0,False,0.0,0.0,0.0,0.0,32767,11,0,3,-0.001,0.0,0.0,0.0,0.0,0.2,3969,0,0,1000,10.0,0.0,0.0,0.0,0,0.0,nan,1.5414283107572988e-44,56.511865302631584,0.0
1762305457.0412939,0.0,0.0,0.0,0.0,0.2,3.969,0.0,0,1.0,1000.0,0.0,False,0.0,0.0,0.0,0.0,32767,11,0,3,-0.001,0.0,0.0,0.0,0.0,0.2,3969,0,0,1000,10.0,0.0,0.0,0.0,0,0.0,nan,1.5414283107572988e-44,56.511865302631584,0.0
1762305457.041318,0.0,0.0,0.0,0.0,0.2,3.969,0.0,0,1.0,1000.0,0.0,False,0.0,0.0,0.0,0.0,32767,11,0,3,-0.001,0.0,0.0,0.0,0.0,0.2,3969,0,0,1000,10.0,0.0,0.0,0.0,0,0.0,nan,1.5414283107572988e-44,56.511865302631584,0.0
1762305457.0417173,0.0,0.0,0.0,0.0,0.2,3.969,0.0,0,1.0,1000.0,0.0,False,0.0,0.0,0.0,0.0,32767,11,0,3,-0.001,0.0,0.0,0.0,0.0,0.2,3969,0,0,1000,10.0,0.0,0.0,0.0,0,0.0,nan,1.5414283107572988e-44,56.511865302631584,0.0
1762305457.042127,0.0,0.0,0.0,0.0,0.2,3.969,0.0,0,1.0,1000.0,0.0,False,0.0,0.0,0.0,0.0,32767,11,0,3,-0.001,0.0,0.0,0.0,0.0,0.2,3969,0,0,1000,10.0,0.0,0.0,0.0,0,0.0,nan,1.5414283107572988e-44,56.511865302631584,0.0
1762305457.0421686,0.0,0.0,0.0,0.0,0.2,3.969,0.0,0,1.0,1000.0,0.0,False,0.0,0.0,0.0,0.0,32767,11,0,3,-0.001,0.0,0.0,0.0,0.0,0.2,3969,0,0,1000,10.0,0.0,0.0,0.0,0,0.0,nan,1.5414283107572988e-44,56.511865302631584,0.0
1762305457.048552,0.0,0.0,0.0,0.0,0.2,3.969,0.0,0,1.0,1000.0,0.0,False,0.0,0.0,0.0,0.0,32767,11,0,3,-0.001,0.0,0.0,0.0,0.0,0.2,3969,0,0,1000,10.0,0.0,0.0,0.0,0,0.0,nan,1.5414283107572988e-44,56.511865302631584,0.0
1762305457.048587,0.0,0.0,0.0,0.0,0.2,3.969,0.0,0,1.0,1000.0,0.0,False,0.0,0.0,0.0,0.0,32767,11,0,3,-0.001,0.0,0.0,0.0,0.0,0.2,3969,0,0,1000,10.0,0.0,0.0,0.0,0,0.0,nan,1.5414283107572988e-44,56.511865302631584,0.0
1762305457.0486162,0.0,0.0,0.0,0.0,0.2,3.969,0.0,0,1.0,1000.0,0.0,False,0.0,0.0,0.0,0.0,32767,11,0,3,-0.001,0.0,0.0,0.0,0.0,0.2,3969,0,0,1000,10.0,0.0,0.0,0.0,0,0.0,nan,1.5414283107572988e-44,56.511865302631584,0.0
1762305457.048645,0.0,0.0,0.0,0.0,0.2,3.969,0.0,0,1.0,1000.0,0.0,False,0.0,0.0,0.0,0.0,32767,11,0,3,-0.001,0.0,0.0,0.0,0.0,0.2,3969,0,0,1000,10.0,0.0,0.0,0.0,0,0.0,nan,1.5414283107572988e-44,56.511865302631584,0.0
1762305457.0486727,0.0,0.0,0.0,0.0,0.2,3.969,0.0,0,1.0,1000.0,0.0,False,0.0,0.0,0.0,0.0,32767,11,0,3,-0.001,0.0,0.0,0.0,0.0,0.2,3969,0,0,1000,10.0,0.0,0.0,0.0,0,0.0,nan,1.5414283107572988e-44,56.511865302631584,0.0
1762305457.0486999,0.0,0.0,0.0,0.0,0.2,3.969,0.0,0,1.0,1000.0,0.0,False,0.0,0.0,0.0,0.0,32767,11,0,3,-0.001,0.0,0.0,0.0,0.0,0.2,3969,0,0,1000,10.0,0.0,0.0,0.0,0,0.0,nan,1.5414283107572988e-44,56.511865302631584,0.0
1762305457.0487256,0.0,0.0,0.0,0.0,0.2,3.969,0.0,0,1.0,1000.0,0.0,False,0.0,0.0,0.0,0.0,32767,11,0,3,-0.001,0.0,0.0,0.0,0.0,0.2,3969,0,0,1000,10.0,0.0,0.0,0.0,0,0.0,nan,1.5414283107572988e-44,56.511865302631584,0.0
1762305457.0487518,0.0,0.0,0.0,0.0,0.2,3.969,0.0,0,1.0,1000.0,0.0,False,0.0,0.0,0.0,0.0,32767,11,0,3,-0.001,0.0,0.0,0.0,0.0,0.2,3969,0,0,1000,10.0,0.0,0.0,0.0,0,0.0,nan,1.5414283107572988e-44,56.511865302631584,0.0
1762305457.0531826,0.0,0.0,0.0,0.0,0.2,3.969,0.0,0,1.0,1000.0,0.0,False,0.0,0.0,0.0,0.0,32767,11,0,3,-0.001,0.0,0.0,0.0,0.0,0.2,3969,0,0,1000,10.0,0.0,0.0,0.0,0,0.0,nan,1.5414283107572988e-44,56.511865302631584,0.0
1762305457.053199,0.0,0.0,0.0,0.0,0.2,3.969,0.0,0,1.0,1000.0,0.0,False,0.0,0.0,0.0,0.0,32767,11,0,3,-0.001,0.0,0.0,0.0,0.0,0.2,3969,0,0,1000,10.0,0.0,0.0,0.0,0,0.0,nan,1.5414283107572988e-44,56.511865302631584,0.0
1762305457.0532134,0.0,0.0,0.0,0.0,0.2,3.969,0.0,0,1.0,1000.0,0.0,False,0.0,0.0,0.0,0.0,32767,11,0,3,-0.001,0.0,0.0,0.0,0.0,0.2,3969,0,0,1000,10.0,0.0,0.0,0.0,0,0.0,nan,1.5414283107572988e-44,56.511865302631584,0.0
1762305457.0532334,0.0,0.0,0.0,0.0,0.2,3.969,0.0,0,1.0,1000.0,0.0,False,0.0,0.0,0.0,0.0,32767,11,0,3,-0.001,0.0,0.0,0.0,0.0,0.2,3969,0,0,1000,10.0,0.0,0.0,0.0,0,0.0,nan,1.5414283107572988e-44,56.511865302631584,0.0
1762305457.053246,0.0,0.0,0.0,0.0,0.2,3.969,0.0,0,1.0,1000.0,0.0,False,0.0,0.0,0.0,0.0,32767,11,0,3,-0.001,0.0,0.0,0.0,0.0,0.2,3969,0,0,1000,10.0,0.0,0.0,0.0,0,0.0,nan,1.5414283107572988e-44,56.511865302631584,0.0
1762305457.0532582,0.0,0.0,0.0,0.0,0.2,3.969,0.0,0,1.0,1000.0,0.0,False,0.0,0.0,0.0,0.0,32767,11,0,3,-0.001,0.0,0.0,0.0,0.0,0.2,3969,0,0,1000,10.0,0.0,0.0,0.0,0,0.0,nan,1.5414283107572988e-44,56.511865302631584,0.0
1762305457.0532687,0.0,0.0,0.0,0.0,0.2,3.969,0.0,0,1.0,1000.0,0.0,False,0.0,0.0,0.0,0.0,32767,11,0,3,-0.001,0.0,0.0,0.0,0.0,0.2,3969,0,0,1000,10.0,0.0,0.0,0.0,0,0.0,nan,1.5414283107572988e-44,56.511865302631584,0.0
1762305457.0532794,0.0,0.0,0.0,0.0,0.2,3.969,0.0,0,1.0,1000.0,0.0,False,0.0,0.0,0.0,0.0,32767,11,0,3,-0.001,0.0,0.0,0.0,0.0,0.2,3969,0,0,1000,10.0,0.0,0.0,0.0,0,0.0,nan,1.5414283107572988e-44,56.511865302631584,0.0
1762305457.0576553,0.0,0.0,0.0,0.0,0.2,3.969,0.0,0,1.0,1000.0,0.0,False,0.0,0.0,0.0,0.0,32767,11,0,3,-0.001,0.0,0.0,0.0,0.0,0.2,3969,0,0,1000,10.0,0.0,0.0,0.0,0,0.0,nan,1.5414283107572988e-44,56.511865302631584,0.0
1762305457.0576763,0.0,0.0,0.0,0.0,0.2,3.969,0.0,0,1.0,1000.0,0.0,False,0.0,0.0,0.0,0.0,32767,11,0,3,-0.001,0.0,0.0,0.0,0.0,0.2,3969,0,0,1000,10.0,0.0,0.0,0.0,0,0.0,nan,1.5414283107572988e-44,56.511865302631584,0.0
1762305457.057695,0.0,0.0,0.0,0.0,0.2,3.969,0.0,0,1.0,1000.0,0.0,False,0.0,0.0,0.0,0.0,32767,11,0,3,-0.001,0.0,0.0,0.0,0.0,0.2,3969,0,0,1000,10.0,0.0,0.0,0.0,0,0.0,nan,1.5414283107572988e-44,56.511865302631584,0.0
1762305457.0577137,0.0,0.0,0.0,0.0,0.2,3.969,0.0,0,1.0,1000.0,0.0,False,0.0,0.0,0.0,0.0,32767,11,0,3,-0.001,0.0,0.0,0.0,0.0,0.2,3969,0,0,1000,10.0,0.0,0.0,0.0,0,0.0,nan,1.5414283107572988e-44,56.511865302631584,0.0
1762305457.0577323,0.0,0.0,0.0,0.0,0.2,3.969,0.0,0,1.0,1000.0,0.0,False,0.0,0.0,0.0,0.0,32767,11,0,3,-0.001,0.0,0.0,0.0,0.0,0.2,3969,0,0,1000,10.0,0.0,0.0,0.0,0,0.0,nan,1.5414283107572988e-44,56.511865302631584,0.0
1762305457.05775,0.0,0.0,0.0,0.0,0.2,3.969,0.0,0,1.0,1000.0,0.0,False,0.0,0.0,0.0,0.0,32767,11,0,3,-0.001,0.0,0.0,0.0,0.0,0.2,3969,0,0,1000,10.0,0.0,0.0,0.0,0,0.0,nan,1.5414283107572988e-44,56.511865302631584,0.0
1762305457.0577674,0.0,0.0,0.0,0.0,0.2,3.969,0.0,0,1.0,1000.0,0.0,False,0.0,0.0,0.0,0.0,32767,11,0,3,-0.001,0.0,0.0,0.0,0.0,0.2,3969,0,0,1000,10.0,0.0,0.0,0.0,0,0.0,nan,1.5414283107572988e-44,56.511865302631584,0.0
1762305457.0577843,0.0,0.0,0.0,0.0,0.2,3.969,0.0,0,1.0,1000.0,0.0,False,0.0,0.0,0.0,0.0,32767,11,0,3,-0.001,0.0,0.0,0.0,0.0,0.2,3969,0,0,1000,10.0,0.0,0.0,0.0,0,0.0,nan,1.5414283107572988e-44,56.511865302631584,0.0
1762305457.0617466,0.0,0.0,0.0,0.0,0.2,3.969,0.0,0,1.0,1000.0,0.0,False,0.0,0.0,0.0,0.0,32767,11,0,3,-0.001,0.0,0.0,0.0,0.0,0.2,3969,0,0,1000,10.0,0.0,0.0,0.0,0,0.0,nan,1.5414283107572988e-44,56.511865302631584,0.0
1762305457.0617788,0.0,0.0,0.0,0.0,0.2,3.969,0.0,0,1.0,1000.0,0.0,False,0.0,0.0,0.0,0.0,32767,11,0,3,-0.001,0.0,0.0,0.0,0.0,0.2,3969,0,0,1000,10.0,0.0,0.0,0.0,0,0.0,nan,1.5414283107572988e-44,56.511865302631584,0.0
1762305457.061794,0.0,0.0,0.0,0.0,0.2,3.969,0.0,0,1.0,1000.0,0.0,False,0.0,0.0,0.0,0.0,32767,11,0,3,-0.001,0.0,0.0,0.0,0.0,0.2,3969,0,0,1000,10.0,0.0,0.0,0.0,0,0.0,nan,1.5414283107572988e-44,56.511865302631584,0.0
1762305457.0618076,0.0,0.0,0.0,0.0,0.2,3.969,0.0,0,1.0,1000.0,0.0,False,0.0,0.0,0.0,0.0,32767,11,0,3,-0.001,0.0,0.0,0.0,0.0,0.2,3969,0,0,1000,10.0,0.0,0.0,0.0,0,0.0,nan,1.5414283107572988e-44,56.511865302631584,0.0
1762305457.0618289,0.0,0.0,0.0,0.0,0.2,3.969,0.0,0,1.0,1000.0,0.0,False,0.0,0.0,0.0,0.0,32767,11,0,3,-0.001,0.0,0.0,0.0,0.0,0.2,3969,0,0,1000,10.0,0.0,0.0,0.0,0,0.0,nan,1.5414283107572988e-44,56.511865302631584,0.0
1762305457.0618432,0.0,0.0,0.0,0.0,0.2,3.969,0.0,0,1.0,1000.0,0.0,False,0.0,0.0,0.0,0.0,32767,11,0,3,-0.001,0.0,0.0,0.0,0.0,0.2,3969,0,0,1000,10.0,0.0,0.0,0.0,0,0.0,nan,1.5414283107572988e-44,56.511865302631584,0.0
1762305457.061855,0.0,0.0,0.0,0.0,0.2,3.969,0.0,0,1.0,1000.0,0.0,False,0.0,0.0,0.0,0.0,32767,11,0,3,-0.001,0.0,0.0,0.0,0.0,0.2,3969,0,0,1000,10.0,0.0,0.0,0.0,0,0.0,nan,1.5414283107572988e-44,56.511865302631584,0.0
1762305457.061868,0.0,0.0,0.0,0.0,0.2,3.969,0.0,0,1.0,1000.0,0.0,False,0.0,0.0,0.0,0.0,32767,11,0,3,-0.001,0.0,0.0,0.0,0.0,0.2,3969,0,0,1000,10.0,0.0,0.0,0.0,0,0.0,nan,1.5414283107572988e-44,56.511865302631584,0.0
1762305457.0618885,0.0,0.0,0.0,0.0,0.2,3.969,0.0,0,1.0,1000.0,0.0,False,0.0,0.0,0.0,0.0,32767,11,0,3,-0.001,0.0,0.0,0.0,0.0,0.2,3969,0,0,1000,10.0,0.0,0.0,0.0,0,0.0,nan,1.5414283107572988e-44,56.511865302631584,0.0
1762305457.0659049,0.0,0.0,0.0,0.0,0.2,3.969,0.0,0,1.0,1000.0,0.0,False,0.0,0.0,0.0,0.0,32767,11,0,3,-0.001,0.0,0.0,0.0,0.0,0.2,3969,0,0,1000,10.0,0.0,0.0,0.0,0,0.0,nan,1.5414283107572988e-44,56.511865302631584,0.0
1762305457.0659223,0.0,0.0,0.0,0.0,0.2,3.969,0.0,0,1.0,1000.0,0.0,False,0.0,0.0,0.0,0.0,32767,11,0,3,-0.001,0.0,0.0,0.0,0.0,0.2,3969,0,0,1000,10.0,0.0,0.0,0.0,0,0.0,nan,1.5414283107572988e-44,56.511865302631584,0.0
1762305457.0659363,0.0,0.0,0.0,0.0,0.2,3.969,0.0,0,1.0,1000.0,0.0,False,0.0,0.0,0.0,0.0,32767,11,0,3,-0.001,0.0,0.0,0.0,0.0,0.2,3969,0,0,1000,10.0,0.0,0.0,0.0,0,0.0,nan,1.5414283107572988e-44,56.511865302631584,0.0
1762305457.0659492,0.0,0.0,0.0,0.0,0.2,3.969,0.0,0,1.0,1000.0,0.0,False,0.0,0.0,0.0,0.0,32767,11,0,3,-0.001,0.0,0.0,0.0,0.0,0.2,3969,0,0,1000,10.0,0.0,0.0,0.0,0,0.0,nan,1.5414283107572988e-44,56.511865302631584,0.0
1762305457.0659633,0.0,0.0,0.0,0.0,0.2,3.969,0.0,0,1.0,1000.0,0.0,False,0.0,0.0,0.0,0.0,32767,11,0,3,-0.001,0.0,0.0,0.0,0.0,0.2,3969,0,0,1000,10.0,0.0,0.0,0.0,0,0.0,nan,1.5414283107572988e-44,56.511865302631584,0.0
1762305457.065977,0.0,0.0,0.0,0.0,0.2,3.969,0.0,0,1.0,1000.0,0.0,False,0.0,0.0,0.0,0.0,32767,11,0,3,-0.001,0.0,0.0,0.0,0.0,0.2,3969,0,0,1000,10.0,0.0,0.0,0.0,0,0.0,nan,1.5414283107572988e-44,56.511865302631584,0.0
1762305457.0659902,0.0,0.0,0.0,0.0,0.2,3.969,0.0,0,1.0,1000.0,0.0,False,0.0,0.0,0.0,0.0,32767,11,0,3,-0.001,0.0,0.0,0.0,0.0,0.2,3969,0,0,1000,10.0,0.0,0.0,0.0,0,0.0,nan,1.5414283107572988e-44,56.511865302631584,0.0
1762305457.0660021,0.0,0.0,0.0,0.0,0.2,3.969,0.0,0,1.0,1000.0,0.0,False,0.0,0.0,0.0,0.0,32767,11,0,3,-0.001,0.0,0.0,0.0,0.0,0.2,3969,0,0,1000,10.0,0.0,0.0,0.0,0,0.0,nan,1.5414283107572988e-44,56.511865302631584,0.0
1762305457.0734763,0.0,0.0,0.0,0.0,0.2,3.969,0.0,0,1.0,1000.0,0.0,False,0.0,0.0,0.0,0.0,32767,11,0,3,-0.001,0.0,0.0,0.0,0.0,0.2,3969,0,0,1000,10.0,0.0,0.0,0.0,0,0.0,nan,1.5414283107572988e-44,56.511865302631584,0.0
1762305457.073947,0.0,0.0,0.0,0.0,0.2,3.969,0.0,0,1.0,1000.0,0.0,False,0.0,0.0,0.0,0.0,32767,11,0,3,-0.001,0.0,0.0,0.0,0.0,0.2,3969,0,0,1000,10.0,0.0,0.0,0.0,0,0.0,nan,1.5414283107572988e-44,56.511865302631584,0.0
1762305457.0739915,0.0,0.0,0.0,0.0,0.2,3.969,0.0,0,1.0,1000.0,0.0,False,0.0,0.0,0.0,0.0,32767,11,0,3,-0.001,0.0,0.0,0.0,0.0,0.2,3969,0,0,1000,10.0,0.0,0.0,0.0,0,0.0,nan,1.5414283107572988e-44,56.511865302631584,0.0
1762305457.0740201,0.0,0.0,0.0,0.0,0.2,3.969,0.0,0,1.0,1000.0,0.0,False,0.0,0.0,0.0,0.0,32767,11,0,3,-0.001,0.0,0.0,0.0,0.0,0.2,3969,0,0,1000,10.0,0.0,0.0,0.0,0,0.0,nan,1.5414283107572988e-44,56.511865302631584,0.0
1762305457.0740473,0.0,0.0,0.0,0.0,0.2,3.969,0.0,0,1.0,1000.0,0.0,False,0.0,0.0,0.0,0.0,32767,11,0,3,-0.001,0.0,0.0,0.0,0.0,0.2,3969,0,0,1000,10.0,0.0,0.0,0.0,0,0.0,nan,1.5414283107572988e-44,56.511865302631584,0.0
1762305457.0740752,0.0,0.0,0.0,0.0,0.2,3.969,0.0,0,1.0,1000.0,0.0,False,0.0,0.0,0.0,0.0,32767,11,0,3,-0.001,0.0,0.0,0.0,0.0,0.2,3969,0,0,1000,10.0,0.0,0.0,0.0,0,0.0,nan,1.5414283107572988e-44,56.511865302631584,0.0
1762305457.0741017,0.0,0.0,0.0,0.0,0.2,3.969,0.0,0,1.0,1000.0,0.0,False,0.0,0.0,0.0,0.0,32767,11,0,3,-0.001,0.0,0.0,0.0,0.0,0.2,3969,0,0,1000,10.0,0.0,0.0,0.0,0,0.0,nan,1.5414283107572988e-44,56.511865302631584,0.0
1762305457.0741284,0.0,0.0,0.0,0.0,0.2,3.969,0.0,0,1.0,1000.0,0.0,False,0.0,0.0,0.0,0.0,32767,11,0,3,-0.001,0.0,0.0,0.0,0.0,0.2,3969,0,0,1000,10.0,0.0,0.0,0.0,0,0.0,nan,1.5414283107572988e-44,56.511865302631584,0.0
1762305457.0821786,0.0,0.0,0.0,0.0,0.2,3.969,0.0,0,1.0,1000.0,0.0,False,0.0,0.0,0.0,0.0,32767,11,0,3,-0.001,0.0,0.0,0.0,0.0,0.2,3969,0,0,1000,10.0,0.0,0.0,0.0,0,0.0,nan,1.5414283107572988e-44,56.511865302631584,0.0
1762305457.082209,0.0,0.0,0.0,0.0,0.2,3.969,0.0,0,1.0,1000.0,0.0,False,0.0,0.0,0.0,0.0,32767,11,0,3,-0.001,0.0,0.0,0.0,0.0,0.2,3969,0,0,1000,10.0,0.0,0.0,0.0,0,0.0,nan,1.5414283107572988e-44,56.511865302631584,0.0
1762305457.082243,0.0,0.0,0.0,0.0,0.2,3.969,0.0,0,1.0,1000.0,0.0,False,0.0,0.0,0.0,0.0,32767,11,0,3,-0.001,0.0,0.0,0.0,0.0,0.2,3969,0,0,1000,10.0,0.0,0.0,0.0,0,0.0,nan,1.5414283107572988e-44,56.511865302631584,0.0
1762305457.0822701,0.0,0.0,0.0,0.0,0.2,3.969,0.0,0,1.0,1000.0,0.0,False,0.0,0.0,0.0,0.0,32767,11,0,3,-0.001,0.0,0.0,0.0,0.0,0.2,3969,0,0,1000,10.0,0.0,0.0,0.0,0,0.0,nan,1.5414283107572988e-44,56.511865302631584,0.0
1762305457.0822964,0.0,0.0,0.0,0.0,0.2,3.969,0.0,0,1.0,1000.0,0.0,False,0.0,0.0,0.0,0.0,32767,11,0,3,-0.001,0.0,0.0,0.0,0.0,0.2,3969,0,0,1000,10.0,0.0,0.0,0.0,0,0.0,nan,1.5414283107572988e-44,56.511865302631584,0.0
1762305457.082324,0.0,0.0,0.0,0.0,0.2,3.969,0.0,0,1.0,1000.0,0.0,False,0.0,0.0,0.0,0.0,32767,11,0,3,-0.001,0.0,0.0,0.0,0.0,0.2,3969,0,0,1000,10.0,0.0,0.0,0.0,0,0.0,nan,1.5414283107572988e-44,56.511865302631584,0.0
1762305457.0823493,0.0,0.0,0.0,0.0,0.2,3.969,0.0,0,1.0,1000.0,0.0,False,0.0,0.0,0.0,0.0,32767,11,0,3,-0.001,0.0,0.0,0.0,0.0,0.2,3969,0,0,1000,10.0,0.0,0.0,0.0,0,0.0,nan,1.5414283107572988e-44,56.511865302631584,0.0
1762305457.082374,0.0,0.0,0.0,0.0,0.2,3.969,0.0,0,1.0,1000.0,0.0,False,0.0,0.0,0.0,0.0,32767,11,0,3,-0.001,0.0,0.0,0.0,0.0,0.2,3969,0,0,1000,10.0,0.0,0.0,0.0,0,0.0,nan,1.5414283107572988e-44,56.511865302631584,0.0
1762305457.0916507,0.0,0.0,0.0,0.0,0.2,3.969,0.0,0,1.0,1000.0,0.0,False,0.0,0.0,0.0,0.0,32767,11,0,3,-0.001,0.0,0.0,0.0,0.0,0.2,3969,0,0,1000,10.0,0.0,0.0,0.0,0,0.0,nan,1.5414283107572988e-44,56.511865302631584,0.0
1762305457.0916853,0.0,0.0,0.0,0.0,0.2,3.969,0.0,0,1.0,1000.0,0.0,False,0.0,0.0,0.0,0.0,32767,11,0,3,-0.001,0.0,0.0,0.0,0.0,0.2,3969,0,0,1000,10.0,0.0,0.0,0.0,0,0.0,nan,1.5414283107572988e-44,56.511865302631584,0.0
1762305457.091716,0.0,0.0,0.0,0.0,0.2,3.969,0.0,0,1.0,1000.0,0.0,False,0.0,0.0,0.0,0.0,32767,11,0,3,-0.001,0.0,0.0,0.0,0.0,0.2,3969,0,0,1000,10.0,0.0,0.0,0.0,0,0.0,nan,1.5414283107572988e-44,56.511865302631584,0.0
1762305457.0917459,0.0,0.0,0.0,0.0,0.2,3.969,0.0,0,1.0,1000.0,0.0,False,0.0,0.0,0.0,0.0,32767,11,0,3,-0.001,0.0,0.0,0.0,0.0,0.2,3969,0,0,1000,10.0,0.0,0.0,0.0,0,0.0,nan,1.5414283107572988e-44,56.511865302631584,0.0
1762305457.091775,0.0,0.0,0.0,0.0,0.2,3.969,0.0,0,1.0,1000.0,0.0,False,0.0,0.0,0.0,0.0,32767,11,0,3,-0.001,0.0,0.0,0.0,0.0,0.2,3969,0,0,1000,10.0,0.0,0.0,0.0,0,0.0,nan,1.5414283107572988e-44,56.511865302631584,0.0
1762305457.091844,0.0,0.0,0.0,0.0,0.2,3.969,0.0,0,1.0,1000.0,0.0,False,0.0,0.0,0.0,0.0,32767,11,0,3,-0.001,0.0,0.0,0.0,0.0,0.2,3969,0,0,1000,10.0,0.0,0.0,0.0,0,0.0,nan,1.5414283107572988e-44,56.511865302631584,0.0
1762305457.0918741,0.0,0.0,0.0,0.0,0.2,3.969,0.0,0,1.0,1000.0,0.0,False,0.0,0.0,0.0,0.0,32767,11,0,3,-0.001,0.0,0.0,0.0,0.0,0.2,3969,0,0,1000,10.0,0.0,0.0,0.0,0,0.0,nan,1.5414283107572988e-44,56.511865302631584,0.0
1762305457.0919025,0.0,0.0,0.0,0.0,0.2,3.969,0.0,0,1.0,1000.0,0.0,False,0.0,0.0,0.0,0.0,32767,11,0,3,-0.001,0.0,0.0,0.0,0.0,0.2,3969,0,0,1000,10.0,0.0,0.0,0.0,0,0.0,nan,1.5414283107572988e-44,56.511865302631584,0.0
1762305457.157438,0.0,0.0,0.0,0.0,0.2,3.969,0.0,0,1.0,1000.0,0.0,False,0.0,0.0,0.0,0.0,32767,11,0,3,-0.001,0.0,0.0,0.0,0.0,0.2,3969,0,0,1000,10.0,0.0,0.0,0.0,0,0.0,nan,1.5414283107572988e-44,56.511865302631584,0.0
1762305457.157467,0.0,0.0,0.0,0.0,0.2,3.969,0.0,0,1.0,1000.0,0.0,False,0.0,0.0,0.0,0.0,32767,11,0,3,-0.001,0.0,0.0,0.0,0.0,0.2,3969,0,0,1000,10.0,0.0,0.0,0.0,0,0.0,nan,1.5414283107572988e-44,56.511865302631584,0.0
1762305457.282806,-0.1,-0.001,-2816.1000000000004,-2508.8,0.004,-23.552,0.003,0,0.0,0.0,-1433.6000000000001,True,1.5,0.0,-6144.0,-6141.0,3,0,0,0,0.0,0.0,-0.256,-0.129,-0.129,-0.129,20095,31485,3,0,15.36,2.5500000000000003,-2329.6,0.30000000000000004,0,0.0,nan,-4.7374211220585494e-08,114148993409.72833,286.5
1762305457.7215273,3276.7000000000003,19.321,-1594.9,-1310.8000000000002,-15.819,8.16,12.669,11,0.0,4.0,-0.1,True,14.5,1182.0,0.0,932.0,0,0,0,0,0.2,3.969,0.0,0.0,1.0,1.0,0,0,0,0,0.0,0.0,3276.7000000000003,3276.7000000000003,32767,32.767,7.375917644708931e-37,0.0,52726.37569018421,0.0
1762305457.9712615,3276.7000000000003,19.32,-1594.9,-1310.8000000000002,-15.819,25.408,12.676,11,0.0,5.0,-0.1,True,14.5,1182.0,0.0,932.0,0,0,0,0,0.2,3.969,0.0,0.0,1.0,1.0,0,0,0,0,0.0,0.0,3276.7000000000003,3276.7000000000003,32767,32.767,7.375917644708931e-37,0.0,52726.37569018421,0.0
1762305458.1591785,3276.7000000000003,19.321,-1594.9,-1310.8000000000002,-15.819,25.408,12.676,11,0.0,6.0,-0.1,True,14.5,1182.0,0.0,932.0,0,0,0,0,0.2,3.969,0.0,0.0,1.0,1.0,0,0,0,0,0.0,0.0,3276.7000000000003,3276.7000000000003,32767,32.767,7.375917644708931e-37,0.0,52726.37569018421,0.0
1762305458.4096324,3276.7000000000003,19.322,-1594.9,-1310.9,-15.819,-17.024,12.687,11,0.0,7.0,-0.1,True,14.5,1182.0,0.0,932.0,0,0,0,0,0.2,3.969,0.0,0.0,1.0,1.0,0,0,0,0,0.0,0.0,3276.7000000000003,3276.7000000000003,32767,32.767,7.375917644708931e-37,0.0,52726.37569018421,0.0
1762305458.59677,3276.7000000000003,19.322,-1594.9,-1310.9,-15.819,0.224,12.695,11,0.0,7.0,-0.1,True,14.5,1182.0,0.0,932.0,0,0,0,0,0.2,3.969,0.0,0.0,1.0,1.0,0,0,0,0,0.0,0.0,3276.7000000000003,3276.7000000000003,32767,32.767,7.375917644708931e-37,0.0,52726.37569018421,0.0
1762305458.8497138,3276.7000000000003,19.322,-1594.9,-1310.9,-15.819,-21.456,12.699,11,0.0,6.0,-0.1,True,14.5,1182.0,0.0,932.0,0,0,0,0,0.2,3.969,0.0,0.0,1.0,1.0,0,0,0,0,0.0,0.0,3276.7000000000003,3276.7000000000003,32767,32.767,7.375917644708931e-37,0.0,52726.37569018421,0.0
1762305459.0996017,3276.7000000000003,19.322,-1594.9,-1310.9,-15.819,25.328,12.706,11,0.0,5.0,-0.1,True,14.5,1182.0,0.0,932.0,0,0,0,0,0.2,3.969,0.0,0.0,1.0,1.0,0,0,0,0,0.0,0.0,3276.7000000000003,3276.7000000000003,32767,32.767,7.375917644708931e-37,0.0,52726.37569018421,0.0
1762305459.2884252,3276.7000000000003,19.322,-1594.9,-1310.8000000000002,-15.819,25.328,12.706,11,0.0,4.0,-0.1,True,14.5,1182.0,0.0,932.0,0,0,0,0,0.2,3.969,0.0,0.0,1.0,1.0,0,0,0,0,0.0,0.0,3276.7000000000003,3276.7000000000003,32767,32.767,7.375917644708931e-37,0.0,52726.37569018421,0.0
1762305459.5405679,3276.7000000000003,19.322,-1594.9,-1310.8000000000002,-15.819,18.896,12.718,11,0.0,3.0,-0.1,True,14.5,1182.0,0.0,932.0,0,0,0,0,0.2,3.969,0.0,0.0,1.0,1.0,0,0,0,0,0.0,0.0,3276.7000000000003,3276.7000000000003,32767,32.767,7.375917644708931e-37,0.0,52726.37569018421,0.0
1762305459.7903857,3276.7000000000003,19.322,-1594.9,-1310.8000000000002,-15.819,0.14400000000000002,12.725,11,0.0,2.0,-0.1,True,14.5,1182.0,0.0,932.0,0,0,0,0,0.2,3.969,0.0,0.0,1.0,1.0,0,0,0,0,0.0,0.0,3276.7000000000003,3276.7000000000003,32767,32.767,7.375917644708931e-37,0.0,52726.37569018421,0.0
1762305459.9775872,3276.7000000000003,19.323,-1594.9,-1310.8000000000002,-15.819,-13.536,12.729000000000001,11,0.0,1.0,-0.1,True,14.5,1182.0,0.0,932.0,0,0,0,0,0.2,3.969,0.0,0.0,1.0,1.0,0,0,0,0,0.0,0.0,3276.7000000000003,3276.7000000000003,32767,32.767,7.375917644708931e-37,0.0,52726.37569018421,0.0
1762305460.23201,3276.7000000000003,19.324,-1594.9,-1310.8000000000002,-15.819,3.712,12.737,11,0.0,3.0,-0.1,True,14.5,1182.0,0.0,932.0,0,0,0,0,0.2,3.969,0.0,0.0,1.0,1.0,0,0,0,0,0.0,0.0,3276.7000000000003,3276.7000000000003,32767,32.767,7.375917644708931e-37,0.0,52726.37569018421,0.0
1762305460.4195416,3276.7000000000003,19.325,-1594.9,-1310.8000000000002,-15.819,3.712,12.737,11,0.0,4.0,-0.1,True,14.5,1182.0,0.0,932.0,0,0,0,0,0.2,3.969,0.0,0.0,1.0,1.0,0,0,0,0,0.0,0.0,3276.7000000000003,3276.7000000000003,32767,32.767,7.375917644708931e-37,0.0,52726.37569018421,0.0
1762305460.669183,3276.7000000000003,19.325,-1594.9,-1310.8000000000002,-15.819,28.816,12.748000000000001,11,0.0,4.0,-0.1,True,14.5,1182.0,0.0,932.0,0,0,0,0,0.2,3.969,0.0,0.0,1.0,1.0,0,0,0,0,0.0,0.0,3276.7000000000003,3276.7000000000003,32767,32.767,7.375917644708931e-37,0.0,52726.37569018421,0.0
1762305460.919346,3276.7000000000003,19.325,-1594.9,-1310.8000000000002,-15.819,28.816,12.748000000000001,11,0.0,4.0,-0.1,True,14.5,1182.0,0.0,932.0,0,0,0,0,0.2,3.969,0.0,0.0,1.0,1.0,0,0,0,0,0.0,0.0,3276.7000000000003,3276.7000000000003,32767,32.767,7.375917644708931e-37,0.0,52726.37569018421,0.0
1762305461.1089137,3276.7000000000003,19.326,-1594.9,-1310.8000000000002,-15.819,22.384,12.76,11,0.0,4.0,-0.1,True,14.5,1182.0,0.0,932.0,0,0,0,0,0.2,3.969,0.0,0.0,1.0,1.0,0,0,0,0,0.0,0.0,3276.7000000000003,3276.7000000000003,32767,32.767,7.375917644708931e-37,0.0,52726.37569018421,0.0
1762305461.3603392,3276.7000000000003,19.326,-1594.9,-1310.8000000000002,-15.819,3.632,12.767,11,0.0,4.0,-0.1,True,14.5,1182.0,0.0,932.0,0,0,0,0,0.2,3.969,0.0,0.0,1.0,1.0,0,0,0,0,0.0,0.0,3276.7000000000003,3276.7000000000003,32767,32.767,7.375917644708931e-37,0.0,52726.37569018421,0.0
1762305461.4871483,3276.7000000000003,19.326,-1594.9,-1310.7,-15.819,3.632,12.767,11,0.0,3.0,-0.1,True,14.5,1182.0,0.0,932.0,0,0,0,0,0.2,3.969,0.0,0.0,1.0,1.0,0,0,0,0,0.0,0.0,3276.7000000000003,3276.7000000000003,32767,32.767,7.375917644708931e-37,0.0,52726.37569018421,0.0
1762305461.7981539,3276.7000000000003,19.327,-1594.9,-1310.7,-15.819,-0.8,12.778,11,0.0,3.0,-0.1,True,14.5,1182.0,0.0,932.0,0,0,0,0,0.2,3.969,0.0,0.0,1.0,1.0,0,0,0,0,0.0,0.0,3276.7000000000003,3276.7000000000003,32767,32.767,7.375917644708931e-37,0.0,52726.37569018421,0.0
1762305462.04892,3276.7000000000003,19.327,-1594.9,-1310.8000000000002,-15.819,-19.552,12.785,11,0.0,3.0,-0.1,True,14.5,1182.0,0.0,932.0,0,0,0,0,0.2,3.969,0.0,0.0,1.0,1.0,0,0,0,0,0.0,0.0,3276.7000000000003,3276.7000000000003,32767,32.767,7.375917644708931e-37,0.0,52726.37569018421,0.0
1762305462.238064,3276.7000000000003,19.328,-1594.9,-1310.8000000000002,-15.819,30.304000000000002,12.790000000000001,11,0.0,4.0,-0.1,True,14.5,1182.0,0.0,932.0,0,0,0,0,0.2,3.969,0.0,0.0,1.0,1.0,0,0,0,0,0.0,0.0,3276.7000000000003,3276.7000000000003,32767,32.767,7.375917644708931e-37,0.0,52726.37569018421,0.0
1762305462.487413,3276.7000000000003,19.328,-1594.9,-1310.8000000000002,-15.819,-17.984,12.797,11,0.0,5.0,-0.1,True,14.5,1182.0,0.0,932.0,0,0,0,0,0.2,3.969,0.0,0.0,1.0,1.0,0,0,0,0,0.0,0.0,3276.7000000000003,3276.7000000000003,32767,32.767,7.375917644708931e-37,0.0,52726.37569018421,0.0
1762305462.7393482,3276.7000000000003,19.329,-1594.9,-1310.8000000000002,-15.819,25.872,12.802,11,0.0,5.0,-0.1,True,14.5,1182.0,0.0,932.0,0,0,0,0,0.2,3.969,0.0,0.0,1.0,1.0,0,0,0,0,0.0,0.0,3276.7000000000003,3276.7000000000003,32767,32.767,7.375917644708931e-37,0.0,52726.37569018421,0.0
1762305462.9283187,3276.7000000000003,19.329,-1594.9,-1310.8000000000002,-15.819,7.12,12.809000000000001,11,0.0,5.0,-0.1,True,14.5,1182.0,0.0,932.0,0,0,0,0,0.2,3.969,0.0,0.0,1.0,1.0,0,0,0,0,0.0,0.0,3276.7000000000003,3276.7000000000003,32767,32.767,7.375917644708931e-37,0.0,52726.37569018421,0.0
1762305463.1803932,3276.7000000000003,19.330000000000002,-1594.9,-1310.7,-15.819,7.12,12.809000000000001,11,0.0,4.0,-0.1,True,14.5,1182.0,0.0,932.0,0,0,0,0,0.2,3.969,0.0,0.0,1.0,1.0,0,0,0,0,0.0,0.0,3276.7000000000003,3276.7000000000003,32767,32.767,7.375917644708931e-37,0.0,52726.37569018421,0.0
1762305463.3071651,3276.7000000000003,19.330000000000002,-1594.9,-1310.7,-15.819,0.6880000000000001,12.821,11,0.0,4.0,-0.1,True,14.5,1182.0,0.0,932.0,0,0,0,0,0.2,3.969,0.0,0.0,1.0,1.0,0,0,0,0,0.0,0.0,3276.7000000000003,3276.7000000000003,32767,32.767,7.375917644708931e-37,0.0,52726.37569018421,0.0
1762305463.558262,3276.7000000000003,19.330000000000002,-1594.9,-1310.7,-15.819,0.6880000000000001,12.821,11,0.0,3.0,-0.1,True,14.5,1182.0,0.0,932.0,0,0,0,0,0.2,3.969,0.0,0.0,1.0,1.0,0,0,0,0,0.0,0.0,3276.7000000000003,3276.7000000000003,32767,32.767,7.375917644708931e-37,0.0,52726.37569018421,0.0
1762305463.8697574,3276.7000000000003,19.330000000000002,-1594.9,-1310.7,-15.819,0.6880000000000001,12.821,11,0.0,3.0,-0.1,True,14.5,1182.0,0.0,932.0,0,0,0,0,0.2,3.969,0.0,0.0,1.0,1.0,0,0,0,0,0.0,0.0,3276.7000000000003,3276.7000000000003,32767,32.767,7.375917644708931e-37,0.0,52726.37569018421,0.0
1762305463.9955726,3276.7000000000003,19.330000000000002,-1594.9,-1310.8000000000002,-15.819,0.6880000000000001,12.821,11,0.0,4.0,-0.1,True,14.5,1182.0,0.0,932.0,0,0,0,0,0.2,3.969,0.0,0.0,1.0,1.0,0,0,0,0,0.0,0.0,3276.7000000000003,3276.7000000000003,32767,32.767,7.375917644708931e-37,0.0,52726.37569018421,0.0
1762305464.4339588,3276.7000000000003,19.331,-1594.9,-1310.7,-15.819,0.6880000000000001,12.821,11,0.0,4.0,-0.1,True,14.5,1182.0,0.0,932.0,0,0,0,0,0.2,3.969,0.0,0.0,1.0,1.0,0,0,0,0,0.0,0.0,3276.7000000000003,1.1,0,0.001,nan,3.714614164797424e-36,0.8036783157894737,0.0
1762305464.747761,3276.7000000000003,19.333000000000002,-1594.9,-1310.6000000000001,-15.819,-7.008,12.881,11,0.0,2.0,-0.1,True,14.5,1182.0,0.0,932.0,0,0,0,0,0.2,3.969,0.0,0.0,1.0,1.0,0,0,0,0,0.0,0.0,3276.7000000000003,3276.7000000000003,32767,32.767,7.375917644708931e-37,0.0,52726.37569018421,0.0
1762305465.0005307,3276.7000000000003,19.334,-1594.9,-1310.6000000000001,-15.819,-13.44,12.893,11,0.0,5.0,-0.1,True,14.5,1182.0,0.0,932.0,0,0,0,0,0.2,3.969,0.0,0.0,1.0,1.0,0,0,0,0,0.0,0.0,3276.7000000000003,3276.7000000000003,32767,32.767,7.375917644708931e-37,0.0,52726.37569018421,0.0
1762305465.2508883,3276.7000000000003,19.335,-1594.9,-1310.5,-15.819,-32.192,12.9,11,0.0,8.0,-0.1,True,14.5,1182.0,0.0,932.0,0,0,0,0,0.2,3.969,0.0,0.0,1.0,1.0,0,0,0,0,0.0,0.0,3276.7000000000003,3276.7000000000003,32767,32.767,7.375917644708931e-37,0.0,52726.37569018421,0.0
1762305465.4387474,3276.7000000000003,19.335,-1594.9,-1310.6000000000001,-15.819,-32.192,12.9,11,0.0,6.0,-0.1,True,14.5,1182.0,0.0,932.0,0,0,0,0,0.2,3.969,0.0,0.0,1.0,1.0,0,0,0,0,0.0,0.0,3276.7000000000003,3276.7000000000003,32767,32.767,7.375917644708931e-37,0.0,52726.37569018421,0.0
1762305465.689245,3276.7000000000003,19.335,-1594.9,-1310.6000000000001,-15.819,28.912,12.912,11,0.0,5.0,-0.1,True,14.5,1182.0,0.0,932.0,0,0,0,0,0.2,3.969,0.0,0.0,1.0,1.0,0,0,0,0,0.0,0.0,3276.7000000000003,3276.7000000000003,32767,32.767,7.375917644708931e-37,0.0,52726.37569018421,0.0
1762305465.8783603,3276.7000000000003,19.335,-1594.9,-1310.5,-15.819,28.912,12.912,11,0.0,5.0,-0.1,True,14.5,1182.0,0.0,932.0,0,0,0,0,0.2,3.969,0.0,0.0,1.0,1.0,0,0,0,0,0.0,0.0,3276.7000000000003,3276.7000000000003,32767,32.767,7.375917644708931e-37,0.0,52726.37569018421,0.0
1762305466.1288822,3276.7000000000003,19.336000000000002,-1594.9,-1310.5,-15.819,-3.52,12.923,11,0.0,5.0,-0.1,True,14.5,1182.0,0.0,932.0,0,0,0,0,0.2,3.969,0.0,0.0,1.0,1.0,0,0,0,0,0.0,0.0,3276.7000000000003,3276.7000000000003,32767,32.767,7.375917644708931e-37,0.0,52726.37569018421,0.0
1762305466.3798757,3276.7000000000003,19.336000000000002,-1594.9,-1310.5,-15.819,13.728,12.931000000000001,11,0.0,4.0,-0.1,True,14.5,1182.0,0.0,932.0,0,0,0,0,0.2,3.969,0.0,0.0,1.0,1.0,0,0,0,0,0.0,0.0,3276.7000000000003,3276.7000000000003,32767,32.767,7.375917644708931e-37,0.0,52726.37569018421,0.0
1762305466.565176,3276.7000000000003,19.336000000000002,-1594.9,-1310.5,-15.819,-9.952,12.935,11,0.0,4.0,-0.1,True,14.5,1182.0,0.0,932.0,0,0,0,0,0.2,3.969,0.0,0.0,1.0,1.0,0,0,0,0,0.0,0.0,3276.7000000000003,3276.7000000000003,32767,32.767,7.375917644708931e-37,0.0,52726.37569018421,0.0
1762305466.8167121,3276.7000000000003,19.337,-1594.9,-1310.5,-15.819,-28.704,12.942,11,0.0,5.0,-0.1,True,14.5,1182.0,0.0,932.0,0,0,0,0,0.2,3.969,0.0,0.0,1.0,1.0,0,0,0,0,0.0,0.0,3276.7000000000003,3276.7000000000003,32767,32.767,7.375917644708931e-37,0.0,52726.37569018421,0.0
1762305467.0656347,3276.7000000000003,19.338,-1594.9,-1310.6000000000001,-15.819,-28.704,12.942,11,0.0,7.0,-0.1,True,14.5,1182.0,0.0,932.0,0,0,0,0,0.2,3.969,0.0,0.0,1.0,1.0,0,0,0,0,0.0,0.0,3276.7000000000003,3276.7000000000003,32767,32.767,7.375917644708931e-37,0.0,52726.37569018421,0.0
1762305467.2527263,3276.7000000000003,19.34,-1594.9,-1310.6000000000001,-15.819,32.4,12.954,11,0.0,9.0,-0.1,True,14.5,1182.0,0.0,932.0,0,0,0,0,0.2,3.969,0.0,0.0,1.0,1.0,0,0,0,0,0.0,0.0,3276.7000000000003,3276.7000000000003,32767,32.767,7.375917644708931e-37,0.0,52726.37569018421,0.0
1762305467.5040686,3276.7000000000003,19.34,-1594.9,-1310.6000000000001,-15.819,13.648,12.961,11,0.0,9.0,-0.1,True,14.5,1182.0,0.0,932.0,0,0,0,0,0.2,3.969,0.0,0.0,1.0,1.0,0,0,0,0,0.0,0.0,3276.7000000000003,3276.7000000000003,32767,32.767,7.375917644708931e-37,0.0,52726.37569018421,0.0
1762305467.6940746,3276.7000000000003,19.34,-1594.9,-1310.6000000000001,-15.819,13.648,12.961,11,0.0,8.0,-0.1,True,14.5,1182.0,0.0,932.0,0,0,0,0,0.2,3.969,0.0,0.0,1.0,1.0,0,0,0,0,0.0,0.0,3276.7000000000003,3276.7000000000003,32767,32.767,7.375917644708931e-37,0.0,52726.37569018421,0.0
1762305467.9462135,3276.7000000000003,19.341,-1594.9,-1310.5,-15.819,-17.712,12.97,11,0.0,8.0,-0.1,True,14.5,1182.0,0.0,932.0,0,0,0,0,0.2,3.969,0.0,0.0,1.0,1.0,0,0,0,0,0.0,0.0,3276.7000000000003,3276.7000000000003,32767,32.767,7.375917644708931e-37,0.0,52726.37569018421,0.0
1762305468.1959195,3276.7000000000003,19.342,-1594.9,-1310.5,-15.819,-17.712,12.97,11,0.0,8.0,-0.1,True,14.5,1182.0,0.0,932.0,0,0,0,0,0.2,3.969,0.0,0.0,1.0,1.0,0,0,0,0,0.0,0.0,3276.7000000000003,3276.7000000000003,32767,32.767,7.375917644708931e-37,0.0,52726.37569018421,0.0
1762305468.384284,3276.7000000000003,19.343,-1594.9,-1310.5,-15.819,-17.712,12.97,11,0.0,8.0,-0.1,True,14.5,1182.0,0.0,932.0,0,0,0,0,0.2,3.969,0.0,0.0,1.0,1.0,0,0,0,0,0.0,0.0,3276.7000000000003,3276.7000000000003,32767,32.767,7.375917644708931e-37,0.0,52726.37569018421,0.0
1762305468.6364312,3276.7000000000003,19.344,-1594.9,-1310.5,-15.819,-17.712,12.97,11,0.0,8.0,-0.1,True,14.5,1182.0,0.0,932.0,0,0,0,0,0.2,3.969,0.0,0.0,1.0,1.0,0,0,0,0,0.0,0.0,3276.7000000000003,3276.7000000000003,32767,32.767,7.375917644708931e-37,0.0,52726.37569018421,0.0
1762305468.8239005,3276.7000000000003,19.344,-1594.9,-1310.5,-15.819,-23.184,12.997,11,0.0,7.0,-0.1,True,14.5,1182.0,0.0,932.0,0,0,0,0,0.2,3.969,0.0,0.0,1.0,1.0,0,0,0,0,0.0,0.0,3276.7000000000003,3276.7000000000003,32767,32.767,7.375917644708931e-37,0.0,52726.37569018421,0.0
1762305469.071386,3276.7000000000003,19.344,-1594.9,-1310.5,-15.819,18.672,13.002,11,0.0,6.0,-0.1,True,14.5,1182.0,0.0,932.0,0,0,0,0,0.2,3.969,0.0,0.0,1.0,1.0,0,0,0,0,0.0,0.0,3276.7000000000003,3276.7000000000003,32767,32.767,7.375917644708931e-37,0.0,52726.37569018421,0.0
1762305469.3196695,3276.7000000000003,19.343,-1594.9,-1310.6000000000001,-15.819,-29.616,13.009,11,0.0,4.0,-0.1,True,14.5,1182.0,0.0,932.0,0,0,0,0,0.2,3.969,0.0,0.0,1.0,1.0,0,0,0,0,0.0,0.0,3276.7000000000003,3276.7000000000003,32767,32.767,7.375917644708931e-37,0.0,52726.37569018421,0.0
1762305469.5075831,3276.7000000000003,19.344,-1594.9,-1310.6000000000001,-15.819,-29.616,13.009,11,0.0,5.0,-0.1,True,14.5,1182.0,0.0,932.0,0,0,0,0,0.2,3.969,0.0,0.0,1.0,1.0,0,0,0,0,0.0,0.0,3276.7000000000003,3276.7000000000003,32767,32.767,7.375917644708931e-37,0.0,52726.37569018421,0.0
1762305469.755837,3276.7000000000003,19.345,-1594.9,-1310.5,-15.819,-4.5120000000000005,13.02,11,0.0,6.0,-0.1,True,14.5,1182.0,0.0,932.0,0,0,0,0,0.2,3.969,0.0,0.0,1.0,1.0,0,0,0,0,0.0,0.0,3276.7000000000003,3276.7000000000003,32767,32.767,7.375917644708931e-37,0.0,52726.37569018421,0.0
1762305470.0046396,3276.7000000000003,19.345,-1594.9,-1310.5,-15.819,12.736,13.028,11,0.0,6.0,-0.1,True,14.5,1182.0,0.0,932.0,0,0,0,0,0.2,3.969,0.0,0.0,1.0,1.0,0,0,0,0,0.0,0.0,3276.7000000000003,3276.7000000000003,32767,32.767,7.375917644708931e-37,0.0,52726.37569018421,0.0
1762305470.1938593,3276.7000000000003,19.346,-1594.9,-1310.5,-15.819,-10.944,13.032,11,0.0,7.0,-0.1,True,14.5,1182.0,0.0,932.0,0,0,0,0,0.2,3.969,0.0,0.0,1.0,1.0,0,0,0,0,0.0,0.0,3276.7000000000003,3276.7000000000003,32767,32.767,7.375917644708931e-37,0.0,52726.37569018421,0.0
1762305470.445174,3276.7000000000003,19.346,-1594.9,-1310.5,-15.819,-21.696,13.039,11,0.0,6.0,-0.1,True,14.5,1182.0,0.0,932.0,0,0,0,0,0.2,3.969,0.0,0.0,1.0,1.0,0,0,0,0,0.0,0.0,3276.7000000000003,3276.7000000000003,32767,32.767,7.375917644708931e-37,0.0,52726.37569018421,0.0
1762305470.6352026,3276.7000000000003,19.346,-1594.9,-1310.5,-15.819,-21.696,13.039,11,0.0,5.0,-0.1,True,14.5,1182.0,0.0,932.0,0,0,0,0,0.2,3.969,0.0,0.0,1.0,1.0,0,0,0,0,0.0,0.0,3276.7000000000003,3276.7000000000003,32767,32.767,7.375917644708931e-37,0.0,52726.37569018421,0.0
1762305475.5188682,14.5,1.182,0.0,93.2,0.0,0.0,0.0,0,0.2,3969.0,0.0,False,100.0,1000.0,0.0,0.0,0,0,0,0,32.767,32.767,32.767,32.767,-0.6900000000000001,0.89,0,0,-250,0,9.33,0.0,0.0,0.0,-1,32.767,-22.411909103393555,-45.45001983642578,633.025,0.6000000000000001
1762305475.7080784,14.5,1.182,0.0,93.2,0.0,0.0,0.0,0,0.2,3969.0,0.0,False,100.0,1000.0,0.0,0.0,0,0,0,0,32.767,32.767,32.767,32.767,-0.6900000000000001,0.89,0,0,-250,0,9.33,0.0,0.0,0.0,-1,32.767,-22.411911010742188,-45.45001983642578,633.0352894736842,0.7000000000000001
1762305475.9593792,14.5,1.182,0.0,93.2,0.0,0.0,0.0,0,0.2,3969.0,0.0,False,100.0,1000.0,0.0,0.0,0,0,0,0,32.767,32.767,32.767,32.767,-0.6900000000000001,0.89,0,0,-250,0,9.33,0.0,0.0,0.0,-1,32.767,-22.411909103393555,-45.45001983642578,633.0410789473684,0.4
1762305476.2102535,14.5,1.182,0.0,93.2,0.0,0.0,0.0,0,0.2,3969.0,0.0,False,100.0,1000.0,0.0,0.0,0,0,0,0,32.767,32.767,32.767,32.767,-0.6900000000000001,0.89,0,0,-250,0,9.33,0.0,0.0,0.0,-1,32.767,-22.411909103393555,-45.45001983642578,633.0410789473684,0.4
1762305476.3982704,14.5,1.182,0.0,93.2,0.0,0.0,0.0,0,0.2,3969.0,0.0,False,100.0,1000.0,0.0,0.0,0,0,0,0,32.767,32.767,32.767,32.767,-0.6900000000000001,0.89,0,0,-250,0,9.33,0.0,0.0,0.0,-1,32.767,-22.411907196044922,-45.45001983642578,633.0515263157895,0.2
1762305476.6485481,14.5,1.182,0.0,93.2,0.0,0.0,0.0,0,0.2,3969.0,0.0,False,100.0,1000.0,0.0,0.0,0,0,0,0,32.767,32.767,32.767,32.767,-0.6900000000000001,0.89,0,0,-250,0,9.33,0.0,0.0,0.0,-1,32.767,-22.411907196044922,-45.45001983642578,633.0515263157895,0.2
1762305476.8983083,14.5,1.182,0.0,93.2,0.0,0.0,0.0,0,0.2,3969.0,0.0,False,100.0,1000.0,0.0,0.0,0,0,0,0,32.767,32.767,32.767,32.767,-0.6900000000000001,0.89,0,0,-250,0,9.33,0.0,0.0,0.0,-1,32.767,-22.41190528869629,-45.45002365112305,633.0613421052632,0.1
1762305477.0866885,14.5,1.182,0.0,93.2,0.0,0.0,0.0,0,0.2,3969.0,0.0,False,100.0,1000.0,0.0,0.0,0,0,0,0,32.767,32.767,32.767,32.767,-0.6900000000000001,0.89,0,0,-250,0,9.33,0.0,0.0,0.0,-1,32.767,-22.41190528869629,-45.45002365112305,633.0676052631579,0.1
1762305477.3393276,14.5,1.182,0.0,93.2,0.0,0.0,0.0,0,0.2,3969.0,0.0,False,100.0,1000.0,0.0,0.0,0,0,0,0,32.767,32.767,32.767,32.767,-0.6900000000000001,0.89,0,0,-250,0,9.33,0.0,0.0,0.0,-1,32.767,-22.411903381347656,-45.45002365112305,633.071605263158,0.0
1762305477.527039,14.5,1.182,0.0,93.2,0.0,0.0,0.0,0,0.2,3969.0,0.0,False,100.0,1000.0,0.0,0.0,0,0,0,0,32.767,32.767,32.767,32.767,-0.6900000000000001,0.89,0,0,-250,0,9.33,0.0,0.0,0.0,-1,32.767,-22.411903381347656,-45.45002365112305,633.0773947368422,0.0
1762305477.7793307,14.5,1.182,0.0,93.2,0.0,0.0,0.0,0,0.2,3969.0,0.0,False,100.0,1000.0,0.0,0.0,0,0,0,0,32.767,32.767,32.767,32.767,-0.6900000000000001,0.89,0,0,-250,0,9.33,0.0,0.0,0.0,-1,32.767,-22.411903381347656,-45.45002365112305,633.0773947368422,0.1
1762305478.0313313,14.5,1.182,0.0,93.2,0.0,0.0,0.0,0,0.2,3969.0,0.0,False,100.0,1000.0,0.0,0.0,0,0,0,0,32.767,32.767,32.767,32.767,-0.6900000000000001,0.89,0,0,-250,0,9.33,0.0,0.0,0.0,-1,32.767,-22.41190528869629,-45.45002365112305,633.0876842105263,0.2
1762305478.2194262,14.5,1.182,0.0,93.2,0.0,0.0,0.0,0,0.2,3969.0,0.0,False,100.0,1000.0,0.0,0.0,0,0,0,0,32.767,32.767,32.767,32.767,-0.6900000000000001,0.89,0,0,-250,0,9.33,0.0,0.0,0.0,-1,32.767,-22.41190528869629,-45.45002365112305,633.0934736842105,0.2
1762305478.4731987,14.5,1.182,0.0,93.2,0.0,0.0,0.0,0,0.2,3969.0,0.0,False,100.0,1000.0,0.0,0.0,0,0,0,0,32.767,32.767,32.767,32.767,-0.6900000000000001,0.89,0,0,-250,0,9.33,0.0,0.0,0.0,-1,32.767,-22.411907196044922,-45.45002365112305,633.0977631578947,0.4
1762305478.659691,14.5,1.182,0.0,93.2,0.0,0.0,0.0,0,0.2,3969.0,0.0,False,100.0,1000.0,0.0,0.0,0,0,0,0,32.767,32.767,32.767,32.767,-0.6900000000000001,0.89,0,0,-250,0,9.33,0.0,0.0,0.0,-1,32.767,-22.411907196044922,-45.45002365112305,633.0977631578947,0.30000000000000004
1762305478.9135325,14.5,1.182,0.0,93.2,0.0,0.0,0.0,0,0.2,3969.0,0.0,False,100.0,1000.0,0.0,0.0,0,0,0,0,32.767,32.767,32.767,32.767,-0.6900000000000001,0.89,0,0,-250,0,9.33,0.0,0.0,0.0,-1,32.767,-22.411907196044922,-45.45002365112305,633.0977631578947,0.30000000000000004
1762305479.1647308,14.5,1.182,0.0,93.2,0.0,0.0,0.0,0,0.2,3969.0,0.0,False,100.0,1000.0,0.0,0.0,0,0,0,0,32.767,32.767,32.767,32.767,-0.6900000000000001,0.89,0,0,-250,0,9.33,0.0,0.0,0.0,-1,32.767,-22.411907196044922,-45.45002365112305,633.0977631578947,0.30000000000000004
1762305479.6687644,14.5,1.182,0.0,93.2,0.0,0.0,0.0,0,0.2,3969.0,0.0,False,100.0,1000.0,0.0,0.0,0,0,0,0,32.767,32.767,32.767,32.767,-0.6900000000000001,0.89,0,0,-250,0,9.33,0.0,0.0,0.0,-1,32.767,-22.411911010742188,-45.45002746582031,633.1511842105264,0.5
1762305479.9179645,14.5,1.182,0.0,93.2,0.0,0.0,0.0,0,0.2,3969.0,0.0,False,100.0,1000.0,0.0,0.0,0,0,0,0,32.767,32.767,32.767,32.767,-0.6900000000000001,0.89,0,0,-250,0,9.33,0.0,0.0,0.0,-1,32.767,-22.411911010742188,-45.45002746582031,633.1552105263158,0.5
1762305480.1047106,14.5,1.182,0.0,93.2,0.0,0.0,0.0,0,0.2,3969.0,0.0,False,100.0,1000.0,0.0,0.0,0,0,0,0,32.767,32.767,32.767,32.767,-0.6900000000000001,0.89,0,0,-250,0,9.33,0.0,0.0,0.0,-1,32.767,-22.411911010742188,-45.45003128051758,633.1609736842105,0.6000000000000001
1762305480.35775,14.5,1.182,0.0,93.2,0.0,0.0,0.0,0,0.2,3969.0,0.0,False,100.0,1000.0,0.0,0.0,0,0,0,0,32.767,32.767,32.767,32.767,-0.6900000000000001,0.89,0,0,-250,0,9.33,0.0,0.0,0.0,-1,32.767,-22.41191291809082,-45.45003128051758,633.165,0.7000000000000001
1762305480.609294,14.5,1.182,0.0,93.2,0.0,0.0,0.0,0,0.2,3969.0,0.0,False,100.0,1000.0,0.0,0.0,0,0,0,0,32.767,32.767,32.767,32.767,-0.6900000000000001,0.89,0,0,-250,0,9.33,0.0,0.0,0.0,-1,32.767,-22.41191291809082,-45.45003128051758,633.1712631578947,0.6000000000000001
1762305480.7968404,14.5,1.182,0.0,93.2,0.0,0.0,0.0,0,0.2,3969.0,0.0,False,100.0,1000.0,0.0,0.0,0,0,0,0,32.767,32.767,32.767,32.767,-0.6900000000000001,0.89,0,0,-250,0,9.33,0.0,0.0,0.0,-1,32.767,-22.411914825439453,-45.45003128051758,633.1770526315789,0.7000000000000001
1762305481.0498312,14.5,1.182,0.0,93.2,0.0,0.0,0.0,0,0.2,3969.0,0.0,False,100.0,1000.0,0.0,0.0,0,0,0,0,32.767,32.767,32.767,32.767,-0.6900000000000001,0.89,0,0,-250,0,9.33,0.0,0.0,0.0,-1,32.767,-22.411916732788086,-45.45003128051758,633.1810789473684,0.8
1762305481.1751976,14.5,1.182,0.0,93.2,0.0,0.0,0.0,0,0.2,3969.0,0.0,False,100.0,1000.0,0.0,0.0,0,0,0,0,32.767,32.767,32.767,32.767,-0.6900000000000001,0.89,0,0,-250,0,9.33,0.0,0.0,0.0,-1,32.767,-22.411916732788086,-45.45003128051758,633.1873421052632,0.7000000000000001
